a_email	a_f_name	a_l_name	a_street_addr	a_city	a_state	a_postal_code	a_phone
aandreason@year-job.com	Alline	Andreason	2304 18-street	Atlanta	CO	33062	7840358163
aeschberger@golddex.com	Alisha	Eschberger	7943 4-street	Riverside	TX	95391	6251540685
agudroe@rantouch.com	An	Gudroe	1381 8-street	Fresno	CA	61279	7883620945
aharabedian@newex.com	Alecia	Harabedian	1773 19-street	Plano	NV	60261	3493617182
aharnos@treequote.com	Amber	Harnos	3255 19-street	Oklahoma City	KY	84277	8501949529
ameteer@doncon.com	Alyce	Meteer	2368 11-street	Dallas	TX	74139	1188037604
amodzelewski@donware.com	Abel	Modzelewski	1514 9-street	San Francisco	CA	31843	3117968914
apaprocki@gogozoom.com	Arthur	Paprocki	2914 3-street	Winston-Salem	AZ	49369	7835406711
awenner@openlane.com	Alisha	Wenner	4317 3-street	Irvine	NC	60417	4580699728
bscheyer@isdom.com	Billye	Scheyer	8325 14-street	New Orleans	CA	41606	1626655068
candreason@donquadtech.com	Cecily	Andreason	8110 21-street	Cleveland	KS	93812	5273314240
cankeny@hottechi.com	Carma	Ankeny	6581 10-street	Bakersfield	FL	78653	1667256772
cfrey@scotfind.com	Clay	Frey	3554 8-street	Indianapolis	IN	58476	1115277996
cgrenet@warephase.com	Cassi	Grenet	4047 5-street	Columbus	OH	89801	0700647709
chalsey@kinnamplus.com	Cammy	Halsey	561 16-street	Honolulu	CO	76174	1427716169
chughey@gogozoom.com	Cory	Hughey	3735 14-street	San Francisco	CA	33533	3514861244
clary@scotfind.com	Cheryl	Lary	894 17-street	Orlando	FL	67781	2511909883
cmaclead@ron-tech.com	Charlene	Maclead	6569 1-street	Stockton	OH	90635	5313156710
cmanno@donquadtech.com	Ciara	Manno	7732 15-street	Charlotte	NC	46996	6209473791
costolaza@goodsilron.com	Catarina	Ostolaza	979 5-street	Hialeah	NV	85990	8676497478
cschieler@rangreen.com	Corinne	Schieler	9985 13-street	Hialeah	NV	67452	6937840128
cschoeneck@bioplex.com	Clorinda	Schoeneck	8895 3-street	Bakersfield	FL	62790	6322247083
cseewald@xx-holding.com	Carmen	Seewald	7001 13-street	Laredo	VA	87110	8508141094
cturinetti@goodsilron.com	Catarina	Turinetti	1271 9-street	Riverside	TX	08894	1386628961
dbayless@codehow.com	Dalene	Bayless	4760 7-street	Miami	CA	55433	9235688972
dbruschke@betasoloin.com	Daniela	Bruschke	5951 6-street	Durham	WI	06416	3673240823
dmaile@gogozoom.com	Dierdre	Maile	9080 1-street	Las Vegas	WI	62430	1487927165
dmalet@openlane.com	Daniel	Malet	1093 21-street	Hialeah	NV	87327	6612330757
dschmaltz@scotfind.com	Dierdre	Schmaltz	2223 14-street	Bakersfield	FL	74549	2484112336
ecraghead@zathunicon.com	Elvera	Craghead	2578 11-street	Mesa	VA	60071	6727191797
emallett@donquadtech.com	Elouise	Mallett	8002 18-street	Hialeah	NV	17211	4827986661
epaa@hatfan.com	Elza	Paa	9023 18-street	Oakland	MN	92583	3729437383
erodefer@codehow.com	Ernie	Rodefer	214 3-street	Minneapolis	OK	01645	3557001262
evanausdal@konex.com	Ezekiel	Vanausdal	94 14-street	Austin	TX	10348	2742982810
ewrinkles@zotware.com	Eladia	Wrinkles	5017 20-street	Bakersfield	FL	07219	3566512869
fchesterfield@condax.com	Fatima	Chesterfield	1871 13-street	Memphis	TN	23444	5852463079
fcoyier@fasehatice.com	Felix	Coyier	4563 2-street	Fort Worth	TX	26277	1894817925
ffrancescon@finjob.com	Fausto	Francescon	4641 17-street	Charlotte	NC	04552	8844033332
fmorocco@toughzap.com	Fabiola	Morocco	9350 13-street	Riverside	TX	52290	8432880736
fmunns@betasoloin.com	Felicidad	Munns	762 8-street	Virginia Beach	GA	29113	9634070029
fstorment@mathtouch.com	Felix	Storment	622 21-street	Denver	CO	12884	9810241299
fweirather@warephase.com	Frederica	Weirather	9161 13-street	New York	NY	99609	5600201121
gbuzick@bioholding.com	Gail	Buzick	1956 14-street	Houston	TX	96036	6264521657
gjeanty@faxquote.com	Graciela	Jeanty	974 13-street	San Francisco	CA	61502	4639948588
gkusko@scottech.com	Glenn	Kusko	5118 12-street	Irvine	NC	53069	5127134202
gmauson@sumace.com	Gertude	Mauson	5555 10-street	Long Beach	MO	16249	5873969209
goles@newex.com	Georgene	Oles	5847 16-street	Philadelphia	PA	85006	0714117149
grestrepo@blackzim.com	Gail	Restrepo	9870 11-street	Miami	CA	07505	6495917988
gyori@ganjaflex.com	Glen	Yori	4587 5-street	Tampa	HI	83408	7854514278
hmirafuentes@toughzap.com	Howard	Mirafuentes	3748 20-street	Albuquerque	AZ	34555	1256247557
hnachor@stanredtax.com	Hubert	Nachor	9263 12-street	Corpus Christi	KY	26612	1851009097
hpagliuca@rundofase.com	Hoa	Pagliuca	6851 9-street	Irving	AZ	76842	6225582625
hweirather@lexiqvolax.com	Heike	Weirather	858 20-street	Albuquerque	AZ	06061	5414739942
ikampa@rundofase.com	Irma	Kampa	6191 15-street	Portland	NV	60240	3884650299
jborgman@isdom.com	Joseph	Borgman	2422 21-street	Scottsdale	NV	09582	2864478976
jdrymon@kan-code.com	Jerry	Drymon	1149 13-street	Tucson	CA	05577	0948895462
jmerced@codehow.com	Joanna	Merced	3431 7-street	El Paso	TX	98762	8696943690
jneither@statholdings.com	Joni	Neither	3452 15-street	Mesa	VA	15003	5860953464
jnicolozakes@plexzap.com	Jacqueline	Nicolozakes	5202 2-street	New York	NY	40296	2680574811
jostrosky@donware.com	Jade	Ostrosky	8735 13-street	Albuquerque	AZ	94948	7583397730
jturinetti@toughzap.com	Josephine	Turinetti	30 9-street	Aurora	CA	80143	1627830978
kamigon@faxquote.com	Kerry	Amigon	7275 6-street	Gilbert	LA	85326	5985343557
kgabisi@opentech.com	Kenneth	Gabisi	540 17-street	Tampa	HI	68716	9131970082
kknipp@cancity.com	Kattie	Knipp	191 13-street	Tampa	HI	72458	8419141040
kscheyer@conecom.com	Kasandra	Scheyer	4478 10-street	Miami	CA	60451	3789940469
lcandlish@domzoom.com	Louisa	Candlish	8762 15-street	Tampa	HI	90913	4693439994
lcolla@condax.com	Lettie	Colla	4768 13-street	Richmond	CA	18197	3922846732
lehmann@plusstrip.com	Lizette	Ehmann	2045 12-street	Pittsburgh	AK	71099	0513183245
lfern@zumgoity.com	Lilli	Fern	8581 15-street	Fort Worth	TX	14957	9108992174
lfillingim@konex.com	Laurel	Fillingim	3546 7-street	Washington	MA	43470	4781792536
lhalsey@domzoom.com	Lorean	Halsey	2627 12-street	Aurora	CA	51021	0942227096
lhalsey@plexzap.com	Lavera	Halsey	1746 15-street	Durham	WI	28272	8377948354
liturbide@openlane.com	Larae	Iturbide	2034 8-street	Indianapolis	IN	18287	1112711980
ljuvera@xx-holding.com	Lai	Juvera	1134 2-street	Philadelphia	PA	05657	9860257763
lragel@gogozoom.com	Leota	Ragel	6941 5-street	Fremont	ID	94545	1324021654
lsaylors@iselectrics.com	Lauran	Saylors	4982 21-street	Boise City	VA	56175	1688924323
lscheyer@sonron.com	Larae	Scheyer	566 7-street	Omaha	NC	85966	5874875415
lsengbusch@plusstrip.com	Lai	Sengbusch	5661 1-street	Houston	TX	09850	2616619613
lstimmel@j-texon.com	Lizette	Stimmel	5693 13-street	Bakersfield	FL	00730	5124267579
lvanausdal@codehow.com	Lindsey	Vanausdal	6466 13-street	Dallas	TX	02417	7487827570
lweirather@condax.com	Laticia	Weirather	4494 18-street	Wichita	TX	68038	3610422924
lwide@mathtouch.com	Lenna	Wide	2427 8-street	Gilbert	LA	84740	2522115064
mcorrington@faxquote.com	Mozell	Corrington	3698 3-street	St. Louis	CA	63947	5233519070
mdiscipio@rundofase.com	Maryann	Discipio	7709 15-street	St. Petersburg	AZ	70340	8339284152
mfallick@ontomedia.com	Minna	Fallick	7846 20-street	Santa Ana	MO	65688	5523150593
mgesick@hatfan.com	Marge	Gesick	433 16-street	Las Vegas	WI	16195	4191583092
mkiel@dambase.com	Mariann	Kiel	8757 13-street	St. Louis	CA	06340	9173589126
mlietz@openlane.com	Myra	Lietz	4854 3-street	Fort Worth	TX	30208	5699440555
mloder@rantouch.com	Matthew	Loder	5404 16-street	Greensboro	NJ	63812	0626754721
mmoyd@lexiqvolax.com	Markus	Moyd	5061 16-street	Reno	VA	74945	1082115839
mpinilla@ganjaflex.com	Mitsue	Pinilla	9807 6-street	Garland	FL	97468	6333579093
mschmaltz@zencorporation.com	Marjory	Schmaltz	8077 15-street	Louisville/Jefferson County	OR	03000	7841278287
mscriven@singletechno.com	Maile	Scriven	6845 9-street	Virginia Beach	GA	20361	9314972043
mshadrick@statholdings.com	Melissa	Shadrick	7904 8-street	Baltimore	OK	73257	4291551510
mshields@iselectrics.com	Ma	Shields	5439 12-street	Cleveland	KS	68978	2761835954
mshire@statholdings.com	Markus	Shire	173 4-street	San Francisco	CA	27758	4159339651
mwaymire@hatfan.com	Mariann	Waymire	4839 14-street	Newark	TX	12535	9502065718
nbartolet@inity.com	Nickolas	Bartolet	3703 10-street	Austin	TX	16733	1262081396
nplumer@doncon.com	Novella	Plumer	6504 18-street	Santa Ana	MO	08932	0979496034
nriden@plussunin.com	Nichelle	Riden	7582 13-street	Indianapolis	IN	55173	1162702020
nschmierer@zathunicon.com	Natalie	Schmierer	2969 11-street	San Diego	CA	52498	0828975941
nsmith@rangreen.com	Nieves	Smith	9198 14-street	St. Paul	OH	36953	7676973073
oturinetti@dambase.com	Olive	Turinetti	8723 5-street	Tampa	HI	41874	3903876650
pheintzman@sunnamplex.com	Pete	Heintzman	633 20-street	Bakersfield	FL	88900	6921130148
pyum@mathtouch.com	Paris	Yum	6812 7-street	Dallas	TX	73401	3502418755
rasar@lexiqvolax.com	Rebecka	Asar	570 8-street	Arlington	LA	68194	8807481705
rbilden@zathunicon.com	Raymon	Bilden	6682 20-street	Baltimore	OK	23340	0618972598
rcantres@treequote.com	Rebecka	Cantres	3740 10-street	Corpus Christi	KY	33150	9433574321
rdaufeldt@zencorporation.com	Regenia	Daufeldt	6377 4-street	Hialeah	NV	03216	1179615468
rdhamer@donware.com	Reena	Dhamer	8653 15-street	Omaha	NC	86710	1985572797
rdilello@sunnamplex.com	Roosevelt	Dilello	8668 15-street	Nashville-Davidson	MD	79129	1416207650
remigh@ganjaflex.com	Roselle	Emigh	1139 6-street	Las Vegas	WI	85601	9454811950
rhirpara@scottech.com	Roosevelt	Hirpara	6223 5-street	Hialeah	NV	68839	3946100918
rkannady@rundofase.com	Rory	Kannady	7952 19-street	Mesa	VA	73171	5536227021
rmaynerich@bioholding.com	Rory	Maynerich	8821 15-street	Fort Worth	TX	69710	7807479196
rpugh@kinnamplus.com	Rolland	Pugh	8157 17-street	Laredo	VA	61044	1141255568
sbrucato@bioholding.com	Sharen	Brucato	2531 14-street	Indianapolis	IN	06613	4445372001
sdilliard@faxquote.com	Sabra	Dilliard	1046 18-street	Detroit	MI	34565	6856754107
sgillian@betasoloin.com	Shenika	Gillian	7644 8-street	Austin	TX	75842	0746955024
sgudroe@donware.com	Sharee	Gudroe	5749 16-street	Memphis	TN	06003	6480212146
shamilton@donware.com	Stevie	Hamilton	7612 17-street	Plano	NV	18574	6755682296
shoogland@kan-code.com	Stephane	Hoogland	5991 14-street	Henderson	NE	96494	2547151537
sparvis@zumgoity.com	Salena	Parvis	6051 7-street	San Francisco	CA	81189	0415846721
spinilla@zoomit.com	Sage	Pinilla	2074 1-street	Detroit	MI	52413	5909587566
sscipione@toughzap.com	Salena	Scipione	6018 19-street	Chicago	IL	05941	6262039051
sshadrick@scotfind.com	Stephaine	Shadrick	8973 12-street	Indianapolis	IN	39926	0725963309
swaymire@gogozoom.com	Shonda	Waymire	8351 3-street	Madison	TX	28877	3377097590
taquas@streethex.com	Tyra	Aquas	3805 5-street	Raleigh	FL	40258	8397058576
tarceo@stanredtax.com	Tegan	Arceo	6222 16-street	Tampa	HI	37656	9116940541
tboord@iselectrics.com	Thurman	Boord	3148 14-street	Minneapolis	OK	10885	7113395507
tbuzick@kinnamplus.com	Thaddeus	Buzick	3199 7-street	Seattle	WA	56341	5851565792
thughey@statholdings.com	Thaddeus	Hughey	6743 3-street	Reno	VA	86656	0725491918
tkarpel@plussunin.com	Tyra	Karpel	139 18-street	Mesa	VA	98905	6955986684
tkines@zotware.com	Theola	Kines	9336 14-street	Bakersfield	FL	16303	0169465750
tkorando@kinnamplus.com	Tiffiny	Korando	9030 7-street	Hialeah	NV	64847	2802515549
tmeteer@zumgoity.com	Teddy	Meteer	5476 10-street	Detroit	MI	99483	4513150055
tmiceli@zathunicon.com	Teddy	Miceli	1141 17-street	Richmond	CA	09336	2788670037
tnicolozakes@goodsilron.com	Tamar	Nicolozakes	7678 21-street	Stockton	OH	24034	1379904949
tsuell@ganjaflex.com	Tiffiny	Suell	9778 1-street	Charlotte	NC	73934	9813467004
ttolfree@iselectrics.com	Talia	Tolfree	898 7-street	Wichita	TX	57828	3418794037
tweglarz@betatech.com	Tonette	Weglarz	9612 13-street	Kansas City	AZ	45216	2311429487
vborgman@groovestreet.com	Virgina	Borgman	1557 3-street	Tulsa	OH	29763	9481857383
vhalter@stanredtax.com	Viola	Halter	4431 11-street	Corpus Christi	KY	61060	1881820516
vhauenstein@codehow.com	Vi	Hauenstein	6299 2-street	Santa Ana	MO	65578	4906651432
vhixenbaugh@green-plus.com	Vilma	Hixenbaugh	412 18-street	Detroit	MI	31926	7894438390
vketelsen@finhigh.com	Vallie	Ketelsen	6313 19-street	Atlanta	CO	88667	1920341110
vsayaphon@dontechi.com	Virgina	Sayaphon	5666 11-street	Nashville-Davidson	MD	80352	7352436829
wklusman@hottechi.com	Winfred	Klusman	2307 3-street	North Las Vegas	CA	69148	7461801775
ylueckenbach@bioholding.com	Youlanda	Lueckenbach	3124 20-street	Long Beach	MO	21404	5907040210
ythyberg@openlane.com	Youlanda	Thyberg	7898 16-street	Stockton	OH	60104	2938580621
