1	2018-07-02	Casie	Comnick	lsengbusch@plusstrip.com	Rejected
2	2018-07-02	Selma	Maclead	apaprocki@gogozoom.com	Approved
3	2018-07-02	Kristeen	Acey	gjeanty@faxquote.com	Approved
4	2018-07-03	Nana	Tollner	jmerced@codehow.com	Approved
5	2018-07-03	Avery	Klusman	ylueckenbach@bioholding.com	Approved
6	2018-07-03	Quentin	Loader	epaa@hatfan.com	Approved
7	2018-07-03			nschmierer@zathunicon.com	Approved
8	2018-07-04	Mona	Deleo	tmiceli@zathunicon.com	Approved
9	2018-07-04	Yuki	Vonasek	clary@scotfind.com	Rejected
10	2018-07-04	Kaitlyn	Klimek	sparvis@zumgoity.com	Approved
11	2018-07-05	Raylene	Blackwood	vhauenstein@codehow.com	Rejected
12	2018-07-05	Nieves	Batman	ecraghead@zathunicon.com	Approved
13	2018-07-06	Matthew	Rauser	evanausdal@konex.com	Approved
14	2018-07-06	Lizette	Witten	sscipione@toughzap.com	Rejected
15	2018-07-06	Roosevelt	Springe	bscheyer@isdom.com	Rejected
16	2018-07-09	Delisa	Keetch	vborgman@groovestreet.com	Rejected
17	2018-07-09	Ammie	Heintzman	shamilton@donware.com	Approved
18	2018-07-09	Lashaunda	Paulas	lweirather@condax.com	Rejected
19	2018-07-10	Thaddeus	Caudy	chalsey@kinnamplus.com	Rejected
20	2018-07-10	Evangelina	Crupi	tmeteer@zumgoity.com	Approved
21	2018-07-11			cschoeneck@bioplex.com	Approved
22	2018-07-11	Serina	Jurney	wklusman@hottechi.com	Rejected
23	2018-07-12			grestrepo@blackzim.com	Approved
24	2018-07-12	Leonora	Coyier	nplumer@doncon.com	Approved
25	2018-07-12	Virgina	Perin	lvanausdal@codehow.com	Rejected
26	2018-07-13	Melissa	Vanheusen	cfrey@scotfind.com	Approved
27	2018-07-13			spinilla@zoomit.com	Approved
28	2018-07-16			nschmierer@zathunicon.com	Approved
29	2018-07-16	Vilma	Marrier	costolaza@goodsilron.com	Approved
30	2018-07-17	Willard	Albares	gkusko@scottech.com	Approved
31	2018-07-17	Lezlie	Steffensmeier	cschoeneck@bioplex.com	Approved
32	2018-07-17	Devora	Meinerding	cschoeneck@bioplex.com	Approved
33	2018-07-18			dschmaltz@scotfind.com	Approved
34	2018-07-18	Janine	Cetta	jmerced@codehow.com	Approved
35	2018-07-19	Tamar	Lawler	lhalsey@plexzap.com	Approved
36	2018-07-19	Mirta	Yglesias	mfallick@ontomedia.com	Approved
37	2018-07-20	Dorothy	Frerking	kamigon@faxquote.com	Rejected
38	2018-07-20			cmaclead@ron-tech.com	Rejected
39	2018-07-23	Izetta	Myricks	mwaymire@hatfan.com	Approved
40	2018-07-23	Felix	Kitty	cankeny@hottechi.com	Rejected
41	2018-07-23			hmirafuentes@toughzap.com	Approved
42	2018-07-24	Jennifer	Saylors	ecraghead@zathunicon.com	Approved
43	2018-07-24	Delisa	Abdallah	lsaylors@iselectrics.com	Approved
44	2018-07-25			sparvis@zumgoity.com	Approved
45	2018-07-25	Wynell	Candlish	lhalsey@plexzap.com	Approved
46	2018-07-26	Britt	Rhym	hnachor@stanredtax.com	Approved
47	2018-07-26	Lavonna	Nicolozakes	lhalsey@domzoom.com	Rejected
48	2018-07-26	Bette	Nachor	nriden@plussunin.com	Approved
49	2018-07-27			dmalet@openlane.com	Approved
50	2018-07-30	Kris	Pedrozo	aandreason@year-job.com	Rejected
51	2018-07-30	An	Dhamer	rcantres@treequote.com	Approved
52	2018-07-30	Leonora	Motley	mpinilla@ganjaflex.com	Approved
53	2018-07-30	Howard	Lipke	aandreason@year-job.com	Rejected
54	2018-07-31			wklusman@hottechi.com	Approved
55	2018-07-31	Jeanice	Heintzman	candreason@donquadtech.com	Approved
56	2018-08-01	Daren	Montezuma	erodefer@codehow.com	Approved
57	2018-08-02	Mitsue	Bilden	rdaufeldt@zencorporation.com	Approved
58	2018-08-02	Christiane	Rentfro	hpagliuca@rundofase.com	Approved
59	2018-08-02	Brittni	Boord	dmaile@gogozoom.com	Approved
60	2018-08-03	Carlee	Jurney	mmoyd@lexiqvolax.com	Approved
61	2018-08-03	Estrella	Acey	fmorocco@toughzap.com	Approved
62	2018-08-03	Izetta	Batman	dmalet@openlane.com	Approved
63	2018-08-03	Shalon	Perruzza	sscipione@toughzap.com	Rejected
64	2018-08-06	Matthew	Sawchuk	tkorando@kinnamplus.com	Approved
65	2018-08-06	Detra	Kohnert	sshadrick@scotfind.com	Approved
66	2018-08-06			rbilden@zathunicon.com	Rejected
67	2018-08-07	Yolando	Wieser	rbilden@zathunicon.com	Approved
68	2018-08-08	Novella	Heintzman	rasar@lexiqvolax.com	Rejected
69	2018-08-08	Levi	Pagliuca	lhalsey@plexzap.com	Approved
70	2018-08-08	Delmy	Theodorov	jborgman@isdom.com	Approved
71	2018-08-09			mpinilla@ganjaflex.com	Approved
72	2018-08-09	Myra	Caudy	sdilliard@faxquote.com	Approved
73	2018-08-10	Timothy	Aquas	vborgman@groovestreet.com	Approved
74	2018-08-10	Viola	Riden	aharabedian@newex.com	Approved
75	2018-08-13	Lezlie	Gabisi	pheintzman@sunnamplex.com	Approved
76	2018-08-13			bscheyer@isdom.com	Approved
77	2018-08-14	Tresa	Juvera	erodefer@codehow.com	Approved
78	2018-08-14	Aja	Vonasek	nbartolet@inity.com	Approved
79	2018-08-14			vborgman@groovestreet.com	Approved
80	2018-08-15			mfallick@ontomedia.com	Rejected
81	2018-08-15	Kallie	Tollner	tkorando@kinnamplus.com	Approved
82	2018-08-16	Jamal	Sayaphon	lwide@mathtouch.com	Approved
83	2018-08-16	Alesia	Scriven	tsuell@ganjaflex.com	Approved
84	2018-08-16	Malcolm	Vocelka	nplumer@doncon.com	Rejected
85	2018-08-16			cturinetti@goodsilron.com	Approved
86	2018-08-17	Carissa	Vonasek	tboord@iselectrics.com	Approved
87	2018-08-17	Keneth	Engelberg	shamilton@donware.com	Approved
88	2018-08-17	Winfred	Daufeldt	gjeanty@faxquote.com	Approved
89	2018-08-17	Jeanice	Tjepkema	mloder@rantouch.com	Approved
90	2018-08-20	Rima	Corbley	rdilello@sunnamplex.com	Approved
91	2018-08-21			tnicolozakes@goodsilron.com	Approved
92	2018-08-22			cmanno@donquadtech.com	Approved
93	2018-08-22	Rikki	Sengbusch	mlietz@openlane.com	Approved
94	2018-08-23	Pete	Campain	tkarpel@plussunin.com	Approved
95	2018-08-23			ameteer@doncon.com	Approved
96	2018-08-23	Virgie	Inouye	pyum@mathtouch.com	Rejected
97	2018-08-24	Venita	Springe	fweirather@warephase.com	Rejected
98	2018-08-24	Carlee	Figeroa	grestrepo@blackzim.com	Approved
99	2018-08-24	Alyce	Tawil	aharnos@treequote.com	Approved
100	2018-08-27	Kanisha	Lungren	jmerced@codehow.com	Approved
101	2018-08-27	Leota	Estell	ljuvera@xx-holding.com	Rejected
102	2018-08-28			rpugh@kinnamplus.com	Approved
103	2018-08-28	Stephen	Reiber	mloder@rantouch.com	Approved
104	2018-08-29	Oretha	Swayze	kknipp@cancity.com	Approved
105	2018-08-29	Jacqueline	Hagele	hpagliuca@rundofase.com	Rejected
106	2018-08-29	Stephen	Wide	ameteer@doncon.com	Approved
107	2018-08-30	Dierdre	Schmaltz	vsayaphon@dontechi.com	Approved
108	2018-08-30	Bernardine	Mauson	sscipione@toughzap.com	Approved
109	2018-08-30	Danica	Loder	mscriven@singletechno.com	Approved
110	2018-08-31			cfrey@scotfind.com	Approved
111	2018-08-31	Nicolette	Samara	lragel@gogozoom.com	Approved
112	2018-08-31	Elvera	Isenhower	nriden@plussunin.com	Approved
113	2018-09-03	Zona	Lacovara	nplumer@doncon.com	Approved
114	2018-09-03			mlietz@openlane.com	Rejected
115	2018-09-04	Delmy	Claucherty	fchesterfield@condax.com	Approved
116	2018-09-04	Chaya	Cloney	lweirather@condax.com	Approved
117	2018-09-04	Kimbery	Bourbon	mshire@statholdings.com	Rejected
118	2018-09-05	Lai	Juvera	hnachor@stanredtax.com	Approved
119	2018-09-05	Freeman	Berlanga	cseewald@xx-holding.com	Rejected
120	2018-09-06	Oretha	Acey	mcorrington@faxquote.com	Approved
121	2018-09-06	Thurman	Saylors	cschieler@rangreen.com	Approved
122	2018-09-07	Sabra	Sweigard	hnachor@stanredtax.com	Approved
123	2018-09-07	Shenika	Gibes	lvanausdal@codehow.com	Approved
124	2018-09-10			gbuzick@bioholding.com	Approved
125	2018-09-10	Lonna	Biddy	rkannady@rundofase.com	Approved
126	2018-09-11			cmaclead@ron-tech.com	Approved
127	2018-09-11	Wilda	Butt	vhauenstein@codehow.com	Approved
128	2018-09-12	Regenia	Ostrosky	tarceo@stanredtax.com	Approved
129	2018-09-12	Joni	Neither	mloder@rantouch.com	Approved
130	2018-09-13			ljuvera@xx-holding.com	Rejected
131	2018-09-13			ameteer@doncon.com	Rejected
132	2018-09-14			sgudroe@donware.com	Approved
133	2018-09-14			mschmaltz@zencorporation.com	Approved
134	2018-09-14	Louisa	Caiafa	jnicolozakes@plexzap.com	Approved
135	2018-09-17	Annelle	Keener	dmalet@openlane.com	Rejected
136	2018-09-17	Lonna	Venere	gbuzick@bioholding.com	Approved
137	2018-09-18	Ashlyn	Walthall	rdhamer@donware.com	Approved
138	2018-09-18			aharnos@treequote.com	Approved
139	2018-09-18			jneither@statholdings.com	Approved
140	2018-09-19			rbilden@zathunicon.com	Rejected
141	2018-09-19	Tarra	Wiklund	gmauson@sumace.com	Rejected
142	2018-09-19			dschmaltz@scotfind.com	Approved
143	2018-09-20			hpagliuca@rundofase.com	Approved
145	2018-09-20	Caitlin	Lacovara	ewrinkles@zotware.com	Approved
146	2018-09-20	Natalie	Acey	nschmierer@zathunicon.com	Approved
147	2018-09-21	Olive	Farrow	cseewald@xx-holding.com	Approved
148	2018-09-21			liturbide@openlane.com	Approved
149	2018-09-24			gmauson@sumace.com	Approved
150	2018-09-24	Abel	Modzelewski	lfillingim@konex.com	Rejected
151	2018-09-24	Krissy	Hochard	rasar@lexiqvolax.com	Rejected
152	2018-09-25			mfallick@ontomedia.com	Approved
153	2018-09-25	Rebecka	Meteer	tnicolozakes@goodsilron.com	Approved
154	2018-09-25	Graciela	Baltimore	lstimmel@j-texon.com	Approved
155	2018-09-26	Ty	Papasergi	gmauson@sumace.com	Approved
156	2018-09-26			jturinetti@toughzap.com	Approved
157	2018-09-26	Chantell	Monterrubio	sgudroe@donware.com	Approved
158	2018-09-27	Ronny	Strassner	rmaynerich@bioholding.com	Approved
159	2018-09-27	Felicidad	Hoffis	pyum@mathtouch.com	Approved
160	2018-09-27	Sharen	Gibes	nriden@plussunin.com	Approved
161	2018-09-28	Sharee	Gudroe	ttolfree@iselectrics.com	Approved
162	2018-09-28	Latrice	Vizarro	mshire@statholdings.com	Approved
163	2018-10-01	Dean	Gellinger	tmeteer@zumgoity.com	Approved
164	2018-10-02	An	Miceli	tmeteer@zumgoity.com	Approved
165	2018-10-02			remigh@ganjaflex.com	Approved
166	2018-10-03	Caitlin	Theodorov	lvanausdal@codehow.com	Approved
167	2018-10-04	Minna	Blunk	vborgman@groovestreet.com	Approved
168	2018-10-04	Jacqueline	Korando	gjeanty@faxquote.com	Approved
169	2018-10-04			kgabisi@opentech.com	Approved
170	2018-10-04	Amber	Bubash	tboord@iselectrics.com	Approved
171	2018-10-05	Jolene	Tomasulo	jneither@statholdings.com	Approved
173	2018-10-05	Georgene	Neither	aharabedian@newex.com	Approved
174	2018-10-08	Rodolfo	Canlas	mschmaltz@zencorporation.com	Approved
175	2018-10-08	Helga	Gwalthney	lhalsey@plexzap.com	Approved
176	2018-10-09	My	Farrow	remigh@ganjaflex.com	Rejected
177	2018-10-09	Lenna	Ventura	hweirather@lexiqvolax.com	Approved
178	2018-10-10	Ligia	Baltimore	nbartolet@inity.com	Rejected
179	2018-10-10	Judy	Konopacki	agudroe@rantouch.com	Approved
180	2018-10-10	Nichelle	Cookey	lhalsey@plexzap.com	Approved
181	2018-10-11			spinilla@zoomit.com	Approved
182	2018-10-11	Lenna	Saulter	vhauenstein@codehow.com	Rejected
183	2018-10-11	Nana	Nabours	ythyberg@openlane.com	Approved
184	2018-10-12			lstimmel@j-texon.com	Approved
185	2018-10-12	Gregoria	Sweigard	vhauenstein@codehow.com	Approved
186	2018-10-15	Regenia	Garufi	shamilton@donware.com	Approved
187	2018-10-15	Skye	Regusters	bscheyer@isdom.com	Approved
188	2018-10-16			lehmann@plusstrip.com	Approved
189	2018-10-16	Larae	Scheyer	kknipp@cancity.com	Rejected
190	2018-10-17	Fletcher	Eroman	rmaynerich@bioholding.com	Approved
191	2018-10-17	Truman	Rhoden	cgrenet@warephase.com	Approved
192	2018-10-18	Tawna	Wildfong	goles@newex.com	Approved
193	2018-10-18			rkannady@rundofase.com	Rejected
194	2018-10-18			nplumer@doncon.com	Approved
195	2018-10-19	Louvenia	Burnard	fweirather@warephase.com	Approved
196	2018-10-19	Fatima	Hoa	cmaclead@ron-tech.com	Approved
197	2018-10-22	Izetta	Restrepo	dbayless@codehow.com	Approved
198	2018-10-22	France	Delasancha	tboord@iselectrics.com	Approved
199	2018-10-23	Tiera	Louissant	rkannady@rundofase.com	Rejected
200	2018-10-23	Cecily	Andreason	fcoyier@fasehatice.com	Approved
201	2018-10-23	Xochitl	Dallen	rasar@lexiqvolax.com	Approved
202	2018-10-24	Christiane	Vizarro	grestrepo@blackzim.com	Approved
203	2018-10-24	Tiffiny	Staback	tmeteer@zumgoity.com	Approved
204	2018-10-24	Paris	Wolfgramm	tmeteer@zumgoity.com	Approved
205	2018-10-25	Raylene	Buzick	lweirather@condax.com	Rejected
206	2018-10-25	Beatriz	Grenet	jdrymon@kan-code.com	Approved
207	2018-10-25	Elvera	Hirpara	mgesick@hatfan.com	Approved
208	2018-10-26			cturinetti@goodsilron.com	Approved
209	2018-10-29	Jettie	Treston	lsaylors@iselectrics.com	Approved
210	2018-10-29	Lauran	Lipke	ffrancescon@finjob.com	Approved
211	2018-10-29			kknipp@cancity.com	Approved
212	2018-10-30	Linn	Borgman	tboord@iselectrics.com	Approved
213	2018-10-30	Angella	Patak	ffrancescon@finjob.com	Approved
214	2018-10-31	Mitsue	Kolmetz	lehmann@plusstrip.com	Approved
215	2018-11-01	Staci	Hengel	cmanno@donquadtech.com	Approved
216	2018-11-01	Roosevelt	Hirpara	sscipione@toughzap.com	Approved
217	2018-11-02	Jovita	Tomblin	lvanausdal@codehow.com	Approved
218	2018-11-05	Raymon	Auber	hpagliuca@rundofase.com	Approved
219	2018-11-05	Nicolette	Weight	jneither@statholdings.com	Approved
220	2018-11-06	Lettie	Yum	gkusko@scottech.com	Approved
221	2018-11-06	Sharee	Ventura	taquas@streethex.com	Approved
222	2018-11-06	Venita	Beech	cschoeneck@bioplex.com	Rejected
223	2018-11-07	Kerry	Lipke	lcolla@condax.com	Approved
224	2018-11-07	Elli	Dilliard	swaymire@gogozoom.com	Approved
225	2018-11-07			dschmaltz@scotfind.com	Approved
226	2018-11-08	Talia	Tolfree	lsengbusch@plusstrip.com	Approved
227	2018-11-08	Karan	Bilden	fmorocco@toughzap.com	Approved
228	2018-11-08	Laurel	Stockham	vborgman@groovestreet.com	Approved
229	2018-11-09	Levi	Haufler	dbayless@codehow.com	Approved
230	2018-11-09	Dalene	Pelkowski	gjeanty@faxquote.com	Approved
231	2018-11-12	Beatriz	Montezuma	sbrucato@bioholding.com	Rejected
232	2018-11-12	Rickie	Aquas	shamilton@donware.com	Approved
233	2018-11-12	Kallie	Strassner	gjeanty@faxquote.com	Rejected
234	2018-11-13	Skye	Chaffins	rdhamer@donware.com	Approved
235	2018-11-13	Thaddeus	Hughey	sparvis@zumgoity.com	Approved
236	2018-11-14	Detra	Rim	pheintzman@sunnamplex.com	Approved
237	2018-11-14	Antione	Tomblin	tarceo@stanredtax.com	Rejected
238	2018-11-15			fweirather@warephase.com	Approved
239	2018-11-15	Ceola	Lace	tmiceli@zathunicon.com	Rejected
240	2018-11-15	Novella	Hirpara	kgabisi@opentech.com	Approved
241	2018-11-16	Detra	Lace	spinilla@zoomit.com	Approved
242	2018-11-16	Merlyn	Oldroyd	cmanno@donquadtech.com	Approved
243	2018-11-19	Rikki	Hollack	kamigon@faxquote.com	Approved
244	2018-11-19	Quentin	Wildfong	mshields@iselectrics.com	Approved
245	2018-11-20	Sabra	Dilliard	rasar@lexiqvolax.com	Approved
246	2018-11-20	Lizbeth	Cronauer	tmeteer@zumgoity.com	Approved
247	2018-11-21	Meaghan	Samu	fstorment@mathtouch.com	Approved
248	2018-11-21	Fatima	Berlanga	lragel@gogozoom.com	Approved
249	2018-11-21			fchesterfield@condax.com	Approved
250	2018-11-22	Leslie	Papasergi	erodefer@codehow.com	Rejected
251	2018-11-22	Regenia	Perez	epaa@hatfan.com	Approved
252	2018-11-23	Heike	Asar	mfallick@ontomedia.com	Approved
253	2018-11-23	Bette	Diestel	fchesterfield@condax.com	Rejected
254	2018-11-23	Denise	Frankel	lfern@zumgoity.com	Rejected
255	2018-11-26			sdilliard@faxquote.com	Approved
256	2018-11-26	Fatima	Chesterfield	mshire@statholdings.com	Approved
257	2018-11-27			vborgman@groovestreet.com	Approved
258	2018-11-27	Marjory	Burnard	cschieler@rangreen.com	Approved
259	2018-11-27	Tiera	Toelkes	dbruschke@betasoloin.com	Rejected
260	2018-11-28	Sheron	Paa	shoogland@kan-code.com	Approved
261	2018-11-29	Reena	Lukasik	jnicolozakes@plexzap.com	Rejected
262	2018-11-30	Van	Degonia	vborgman@groovestreet.com	Approved
263	2018-11-30	Bok	Ferrario	pyum@mathtouch.com	Rejected
264	2018-12-03	Carissa	Coody	apaprocki@gogozoom.com	Approved
265	2018-12-03	Jerry	Nestle	lfillingim@konex.com	Approved
266	2018-12-04	Felix	Storment	apaprocki@gogozoom.com	Approved
267	2018-12-04	Franklyn	Nachor	thughey@statholdings.com	Approved
268	2018-12-04	Refugia	Sweely	bscheyer@isdom.com	Approved
269	2018-12-05	Xuan	Dubaldi	tarceo@stanredtax.com	Approved
270	2018-12-05	Lai	Manno	mshire@statholdings.com	Approved
271	2018-12-06	Annabelle	Harnos	fmorocco@toughzap.com	Approved
272	2018-12-06	Izetta	Thyberg	sshadrick@scotfind.com	Rejected
273	2018-12-06	Mitsue	Kitzman	nplumer@doncon.com	Approved
274	2018-12-07	Merlyn	Sturiale	candreason@donquadtech.com	Approved
275	2018-12-07			ythyberg@openlane.com	Approved
276	2018-12-07	Gail	Buzick	candreason@donquadtech.com	Rejected
277	2018-12-10	Art	Gellinger	tbuzick@kinnamplus.com	Rejected
278	2018-12-10	Dean	Luczki	remigh@ganjaflex.com	Approved
279	2018-12-11			tkines@zotware.com	Approved
280	2018-12-12	Alline	Gillaspie	tmeteer@zumgoity.com	Approved
281	2018-12-12			fweirather@warephase.com	Approved
282	2018-12-12	Hubert	Royster	jneither@statholdings.com	Approved
283	2018-12-13	Xochitl	Heintzman	jnicolozakes@plexzap.com	Approved
284	2018-12-13	Deonna	Gwalthney	rdhamer@donware.com	Approved
285	2018-12-13	Carissa	Pelkowski	awenner@openlane.com	Approved
286	2018-12-14	Cecily	Newville	grestrepo@blackzim.com	Rejected
287	2018-12-14	Elvera	Craghead	tkarpel@plussunin.com	Approved
288	2018-12-17	Marjory	Hoffis	mscriven@singletechno.com	Approved
289	2018-12-17	Derick	Lace	rkannady@rundofase.com	Approved
290	2018-12-17	Delisa	Angalich	sbrucato@bioholding.com	Approved
291	2018-12-18	Krissy	Harabedian	lhalsey@plexzap.com	Approved
292	2018-12-18	Elke	Bourbon	vhixenbaugh@green-plus.com	Approved
293	2018-12-19	Howard	Kalafatis	ecraghead@zathunicon.com	Approved
294	2018-12-19			tkorando@kinnamplus.com	Approved
295	2018-12-20			kscheyer@conecom.com	Approved
296	2018-12-20	Rolland	Maynerich	cturinetti@goodsilron.com	Approved
297	2018-12-20	Simona	Andreason	epaa@hatfan.com	Rejected
298	2018-12-21	Alline	Andreason	erodefer@codehow.com	Approved
299	2018-12-21	Timothy	Degroot	awenner@openlane.com	Approved
300	2018-12-21	Britt	Tolfree	ylueckenbach@bioholding.com	Approved
301	2018-12-24	Olive	Flosi	rbilden@zathunicon.com	Approved
302	2018-12-24			mcorrington@faxquote.com	Approved
303	2018-12-25	Shawnda	Wieser	sgudroe@donware.com	Rejected
304	2018-12-25	Ashlyn	Hauenstein	lsaylors@iselectrics.com	Approved
305	2018-12-26	Lenna	Breland	mgesick@hatfan.com	Approved
306	2018-12-27			mfallick@ontomedia.com	Rejected
307	2018-12-27			cfrey@scotfind.com	Approved
308	2018-12-28	Penney	Rhymes	jmerced@codehow.com	Approved
309	2018-12-28	Jolanda	Mirafuentes	shoogland@kan-code.com	Approved
310	2018-12-31	Cassi	Grenet	kknipp@cancity.com	Approved
311	2018-12-31			sgillian@betasoloin.com	Approved
312	2019-01-01	Kate	Acuff	fweirather@warephase.com	Rejected
313	2019-01-01			mschmaltz@zencorporation.com	Approved
314	2019-01-02	Barrett	Pelkowski	gkusko@scottech.com	Rejected
315	2019-01-03	Jina	Venere	cseewald@xx-holding.com	Rejected
316	2019-01-03	Haydee	Vonasek	mfallick@ontomedia.com	Rejected
317	2019-01-04	Melodie	Oldroyd	lcolla@condax.com	Approved
318	2019-01-04	Mattie	Lawler	mwaymire@hatfan.com	Approved
319	2019-01-07	Youlanda	Mconnell	ikampa@rundofase.com	Rejected
320	2019-01-07	Erinn	Stenseth	lragel@gogozoom.com	Approved
321	2019-01-07			mkiel@dambase.com	Rejected
322	2019-01-08			lvanausdal@codehow.com	Approved
323	2019-01-08	Paris	Yum	pyum@mathtouch.com	Approved
324	2019-01-08	Hillary	Stuer	cschieler@rangreen.com	Approved
325	2019-01-09	Krissy	Hellickson	aharabedian@newex.com	Approved
326	2019-01-10	Erinn	Biddy	ttolfree@iselectrics.com	Approved
327	2019-01-10	Mari	Arceo	remigh@ganjaflex.com	Rejected
328	2019-01-11	Tegan	Mconnell	aharabedian@newex.com	Approved
329	2019-01-11	Regenia	Sarbacher	fchesterfield@condax.com	Approved
330	2019-01-14	Youlanda	Lother	tkines@zotware.com	Approved
331	2019-01-14	Lashaunda	Harabedian	tkarpel@plussunin.com	Approved
332	2019-01-14	Stevie	Hamilton	grestrepo@blackzim.com	Approved
333	2019-01-15			jneither@statholdings.com	Approved
334	2019-01-15	Nichelle	Mugnolo	aharnos@treequote.com	Approved
335	2019-01-15	Paris	Tjepkema	awenner@openlane.com	Approved
336	2019-01-16	Sue	Brossart	goles@newex.com	Approved
337	2019-01-16	Marguerita	Scriven	rkannady@rundofase.com	Approved
338	2019-01-16	Natalie	Farrar	rdaufeldt@zencorporation.com	Rejected
339	2019-01-17	Gail	Auffrey	vhalter@stanredtax.com	Approved
340	2019-01-17			aharabedian@newex.com	Approved
341	2019-01-18	Nana	Chickering	jturinetti@toughzap.com	Approved
342	2019-01-18	Gearldine	Kines	nsmith@rangreen.com	Approved
343	2019-01-21	Laticia	Weirather	cgrenet@warephase.com	Approved
344	2019-01-21	Alpha	Stenseth	chalsey@kinnamplus.com	Approved
345	2019-01-22	Maryann	Nayar	mloder@rantouch.com	Approved
346	2019-01-22			sdilliard@faxquote.com	Approved
347	2019-01-22	Alesia	Comnick	sgudroe@donware.com	Approved
348	2019-01-23			awenner@openlane.com	Approved
349	2019-01-23	Junita	Pedrozo	tnicolozakes@goodsilron.com	Approved
350	2019-01-23	Edna	Grenet	gyori@ganjaflex.com	Approved
351	2019-01-24	Ashlyn	Dewar	grestrepo@blackzim.com	Approved
352	2019-01-24	Jose	Wiklund	taquas@streethex.com	Rejected
353	2019-01-24	Leatha	Iturbide	mkiel@dambase.com	Approved
354	2019-01-25	Mariann	Kiel	sbrucato@bioholding.com	Approved
355	2019-01-25	Lindsey	Riden	apaprocki@gogozoom.com	Rejected
356	2019-01-25	Elza	Papasergi	dschmaltz@scotfind.com	Rejected
357	2019-01-28	Deandrea	Bartolet	lhalsey@plexzap.com	Approved
358	2019-01-28	Britt	Neither	mshire@statholdings.com	Approved
359	2019-01-28	Corinne	Stockham	cturinetti@goodsilron.com	Approved
360	2019-01-29	Corinne	Bolognia	wklusman@hottechi.com	Approved
361	2019-01-29	Cristy	Pedrozo	goles@newex.com	Approved
362	2019-01-29	Elly	Adkin	ffrancescon@finjob.com	Approved
363	2019-01-30	Youlanda	Lueckenbach	vhixenbaugh@green-plus.com	Approved
364	2019-01-30	Jerry	Malet	swaymire@gogozoom.com	Approved
365	2019-01-30	Mariann	Emard	mkiel@dambase.com	Rejected
366	2019-01-31	Devora	Moyd	mshields@iselectrics.com	Approved
367	2019-02-01	Malcolm	Gleich	cturinetti@goodsilron.com	Approved
368	2019-02-04			oturinetti@dambase.com	Rejected
369	2019-02-04	Jolene	Shire	sscipione@toughzap.com	Approved
370	2019-02-05	Avery	Fritz	lfillingim@konex.com	Approved
371	2019-02-05			grestrepo@blackzim.com	Approved
373	2019-02-06	Nicolette	Haufler	lwide@mathtouch.com	Rejected
374	2019-02-06	Mariann	Waymire	tbuzick@kinnamplus.com	Approved
375	2019-02-07			fmunns@betasoloin.com	Approved
376	2019-02-07	Sylvie	Miceli	rpugh@kinnamplus.com	Approved
377	2019-02-07	Kris	Bevelacqua	pyum@mathtouch.com	Approved
378	2019-02-08	Kaitlyn	Gudroe	nschmierer@zathunicon.com	Approved
379	2019-02-08			lfillingim@konex.com	Approved
380	2019-02-11	Amber	Chui	tmiceli@zathunicon.com	Approved
381	2019-02-11	Jamal	Saras	ewrinkles@zotware.com	Approved
383	2019-02-12	Earleen	Perigo	jmerced@codehow.com	Approved
384	2019-02-13	Wilda	Oles	lsengbusch@plusstrip.com	Approved
385	2019-02-13			erodefer@codehow.com	Rejected
386	2019-02-13	Tamar	Heimann	goles@newex.com	Approved
387	2019-02-14	Dalene	Isenhower	goles@newex.com	Approved
388	2019-02-15	Kate	Bayless	mschmaltz@zencorporation.com	Approved
389	2019-02-18			chughey@gogozoom.com	Approved
390	2019-02-18	Arlette	Frerking	gjeanty@faxquote.com	Approved
391	2019-02-19			kamigon@faxquote.com	Approved
392	2019-02-19	Levi	Kardas	cmaclead@ron-tech.com	Approved
393	2019-02-19	Daniel	Malet	jostrosky@donware.com	Rejected
394	2019-02-19	Kristofer	Hauenstein	oturinetti@dambase.com	Rejected
395	2019-02-20	Derick	Hughey	ylueckenbach@bioholding.com	Approved
396	2019-02-20			fweirather@warephase.com	Approved
397	2019-02-20			amodzelewski@donware.com	Approved
398	2019-02-21	Danica	Springe	nschmierer@zathunicon.com	Approved
399	2019-02-21	Catarina	Pagliuca	rdhamer@donware.com	Approved
400	2019-02-22	Skye	Lorens	hnachor@stanredtax.com	Approved
401	2019-02-22			aharabedian@newex.com	Rejected
402	2019-02-22	Josphine	Scriven	erodefer@codehow.com	Approved
403	2019-02-25	Jose	Saylors	tnicolozakes@goodsilron.com	Approved
404	2019-02-25	Marti	Chaffins	tmeteer@zumgoity.com	Approved
405	2019-02-26	Jerry	Drymon	tweglarz@betatech.com	Rejected
406	2019-02-26	Alesia	Claucherty	tnicolozakes@goodsilron.com	Approved
407	2019-02-27	Youlanda	Garufi	ikampa@rundofase.com	Approved
408	2019-02-27	Izetta	Frey	gjeanty@faxquote.com	Approved
409	2019-02-27	Alecia	Rulapaugh	rdhamer@donware.com	Rejected
410	2019-02-28	Roosevelt	Dilello	fstorment@mathtouch.com	Approved
411	2019-02-28	Whitley	Nicolozakes	tkines@zotware.com	Approved
412	2019-03-01			ikampa@rundofase.com	Approved
413	2019-03-01	Theodora	Haroldson	nschmierer@zathunicon.com	Approved
414	2019-03-04	Evangelina	Treston	mkiel@dambase.com	Approved
415	2019-03-04	Dyan	Ragel	rdaufeldt@zencorporation.com	Approved
416	2019-03-04	Leota	Hauenstein	cfrey@scotfind.com	Approved
418	2019-03-05	Myra	Shealy	mlietz@openlane.com	Approved
419	2019-03-05	Annmarie	Coyier	agudroe@rantouch.com	Approved
420	2019-03-06	Teddy	Grenet	bscheyer@isdom.com	Approved
421	2019-03-06	Janey	Caiafa	tnicolozakes@goodsilron.com	Approved
422	2019-03-07	Cyril	Motley	hnachor@stanredtax.com	Approved
423	2019-03-07	Simona	Mulqueen	vhixenbaugh@green-plus.com	Approved
424	2019-03-08	Kati	Diestel	jmerced@codehow.com	Approved
425	2019-03-11			mdiscipio@rundofase.com	Approved
426	2019-03-11			fmunns@betasoloin.com	Approved
427	2019-03-11	Lettie	Fritz	mshire@statholdings.com	Approved
428	2019-03-12			jmerced@codehow.com	Approved
429	2019-03-12			jnicolozakes@plexzap.com	Approved
430	2019-03-13	Larae	Maclead	rcantres@treequote.com	Approved
431	2019-03-13	Joseph	Samu	tmeteer@zumgoity.com	Approved
433	2019-03-14	Nan	Isaacs	goles@newex.com	Rejected
434	2019-03-15	Jade	Ostrosky	epaa@hatfan.com	Approved
435	2019-03-18			nriden@plussunin.com	Approved
437	2019-03-18	Kanisha	Mugnolo	ikampa@rundofase.com	Approved
438	2019-03-18	Salena	Miceli	nriden@plussunin.com	Rejected
439	2019-03-19	Raul	Berray	tmiceli@zathunicon.com	Rejected
440	2019-03-19	Willow	Oles	lcolla@condax.com	Approved
441	2019-03-20	Viola	Chavous	fmorocco@toughzap.com	Approved
442	2019-03-20	Helga	Callaro	tmiceli@zathunicon.com	Rejected
444	2019-03-21	Tamar	Nicolozakes	aharabedian@newex.com	Approved
445	2019-03-21	Van	Breland	goles@newex.com	Rejected
446	2019-03-22	Winfred	Lipkin	tarceo@stanredtax.com	Approved
447	2019-03-22	Annabelle	Klimek	cschoeneck@bioplex.com	Approved
449	2019-03-25	Derick	Tolfree	vborgman@groovestreet.com	Approved
450	2019-03-25	Jamal	Latzke	aharnos@treequote.com	Approved
451	2019-03-26	Kayleigh	Craghead	mscriven@singletechno.com	Rejected
452	2019-03-26	Elly	Craghead	lhalsey@plexzap.com	Approved
453	2019-03-27	Alyce	Meteer	lehmann@plusstrip.com	Rejected
454	2019-03-27	Margart	Maynerich	hpagliuca@rundofase.com	Approved
455	2019-03-27	Carmela	Sengbusch	sgudroe@donware.com	Approved
456	2019-03-28			mmoyd@lexiqvolax.com	Approved
457	2019-03-29	Cyndy	Dorshorst	sscipione@toughzap.com	Approved
458	2019-03-29	Shalon	Dorshorst	awenner@openlane.com	Approved
459	2019-04-01	Rolland	Pugh	gyori@ganjaflex.com	Approved
460	2019-04-01	Rebecka	Hagele	tbuzick@kinnamplus.com	Rejected
461	2019-04-01			cankeny@hottechi.com	Approved
463	2019-04-02	Yolando	Louissant	mdiscipio@rundofase.com	Approved
464	2019-04-02	Sheron	Haroldson	pheintzman@sunnamplex.com	Rejected
465	2019-04-03	Lucina	Koppinger	lweirather@condax.com	Approved
466	2019-04-04	Venita	Hollack	oturinetti@dambase.com	Approved
467	2019-04-04	Mitsue	Pagliuca	mgesick@hatfan.com	Approved
468	2019-04-05	Delmy	Farrow	sparvis@zumgoity.com	Rejected
469	2019-04-05	Carma	Ankeny	sgillian@betasoloin.com	Approved
470	2019-04-08	Olive	Luczki	jneither@statholdings.com	Rejected
471	2019-04-08	Louisa	Kippley	cturinetti@goodsilron.com	Rejected
472	2019-04-09	Devorah	Rauser	cmanno@donquadtech.com	Approved
473	2019-04-09	Weldon	Seewald	thughey@statholdings.com	Approved
474	2019-04-09			tmiceli@zathunicon.com	Rejected
475	2019-04-10	Valentine	Hengel	epaa@hatfan.com	Approved
476	2019-04-10			kgabisi@opentech.com	Rejected
477	2019-04-10	Glen	Smith	sdilliard@faxquote.com	Approved
478	2019-04-11	Maryann	Kohnert	tmeteer@zumgoity.com	Approved
479	2019-04-11			chalsey@kinnamplus.com	Rejected
480	2019-04-11	Tiffiny	Waycott	tmeteer@zumgoity.com	Approved
481	2019-04-12	Georgene	Oles	ffrancescon@finjob.com	Rejected
482	2019-04-15	Gregoria	Skulski	awenner@openlane.com	Approved
483	2019-04-15	Lonny	Haroldson	sscipione@toughzap.com	Approved
484	2019-04-16	Helene	Sweigard	shamilton@donware.com	Approved
485	2019-04-16	Gayla	Gleich	hmirafuentes@toughzap.com	Rejected
486	2019-04-17	Kristeen	Cetta	vsayaphon@dontechi.com	Approved
487	2019-04-17			ttolfree@iselectrics.com	Rejected
488	2019-04-17	Bernardine	Brucato	ikampa@rundofase.com	Approved
489	2019-04-18	Nan	Denooyer	grestrepo@blackzim.com	Approved
490	2019-04-18			hweirather@lexiqvolax.com	Approved
491	2019-04-18	Helga	Mirafuentes	rcantres@treequote.com	Rejected
492	2019-04-18	Louisa	Candlish	lcolla@condax.com	Approved
493	2019-04-19	Mona	Keneipp	rdilello@sunnamplex.com	Approved
494	2019-04-22	Carey	Harabedian	cfrey@scotfind.com	Approved
495	2019-04-22			nschmierer@zathunicon.com	Rejected
496	2019-04-22	Charlene	Foller	jostrosky@donware.com	Rejected
497	2019-04-23	Marjory	Slusarski	lsaylors@iselectrics.com	Approved
498	2019-04-23	Tonette	Frankel	vhalter@stanredtax.com	Approved
499	2019-04-24	Beatriz	Karpin	pyum@mathtouch.com	Rejected
500	2019-04-24	Leonida	Adkin	hnachor@stanredtax.com	Approved
501	2019-04-25			jneither@statholdings.com	Approved
502	2019-04-25	Jennie	Vizarro	gkusko@scottech.com	Approved
503	2019-04-25	Lizette	Stimmel	shoogland@kan-code.com	Approved
505	2019-04-26	Fatima	Toelkes	tmeteer@zumgoity.com	Rejected
506	2019-04-29	Melodie	Luczki	gjeanty@faxquote.com	Approved
509	2019-05-01	Katina	Benimadho	lstimmel@j-texon.com	Approved
511	2019-05-02	Abel	Amyot	nplumer@doncon.com	Rejected
512	2019-05-02	Ma	Shields	ewrinkles@zotware.com	Rejected
513	2019-05-02	Golda	Hellickson	candreason@donquadtech.com	Approved
514	2019-05-03	Lenna	Grenet	lcolla@condax.com	Rejected
515	2019-05-03	Stephane	Kalafatis	mschmaltz@zencorporation.com	Approved
516	2019-05-03	Beatriz	Semidey	oturinetti@dambase.com	Approved
517	2019-05-06	Andra	Craghead	oturinetti@dambase.com	Rejected
518	2019-05-06			lhalsey@plexzap.com	Rejected
519	2019-05-07	Eun	Berganza	vketelsen@finhigh.com	Rejected
520	2019-05-07	Kanisha	Harnos	ythyberg@openlane.com	Approved
521	2019-05-07	Rasheeda	Acey	mscriven@singletechno.com	Approved
522	2019-05-08	Peggie	Martabano	pyum@mathtouch.com	Rejected
523	2019-05-08	Nobuko	Mulqueen	apaprocki@gogozoom.com	Approved
524	2019-05-08	Rikki	Hoffis	lstimmel@j-texon.com	Rejected
526	2019-05-09	Adell	Loader	tmeteer@zumgoity.com	Rejected
527	2019-05-09			rbilden@zathunicon.com	Approved
528	2019-05-10			chughey@gogozoom.com	Rejected
531	2019-05-13			nschmierer@zathunicon.com	Approved
532	2019-05-13	Shonda	Nicka	dmalet@openlane.com	Approved
533	2019-05-13	Timothy	Yglesias	bscheyer@isdom.com	Approved
534	2019-05-14	Bulah	Schoeneck	mloder@rantouch.com	Approved
536	2019-05-14	Izetta	Julia	cschieler@rangreen.com	Rejected
537	2019-05-15	Sharen	Fillingim	tnicolozakes@goodsilron.com	Approved
538	2019-05-15	Micaela	Buemi	bscheyer@isdom.com	Approved
539	2019-05-16	Alisha	Eschberger	ylueckenbach@bioholding.com	Approved
541	2019-05-17	Marvel	Skulski	mshields@iselectrics.com	Approved
542	2019-05-17	Cecil	Rodefer	swaymire@gogozoom.com	Approved
543	2019-05-17	Nobuko	Paulas	jmerced@codehow.com	Approved
544	2019-05-20			evanausdal@konex.com	Approved
545	2019-05-20	Becky	Buzick	mschmaltz@zencorporation.com	Approved
547	2019-05-21	Gail	Fredicks	cseewald@xx-holding.com	Approved
548	2019-05-21	Shenika	Dinos	nschmierer@zathunicon.com	Approved
549	2019-05-22	Audry	Fallick	cgrenet@warephase.com	Approved
550	2019-05-22	Tiffiny	Korando	tboord@iselectrics.com	Approved
552	2019-05-23			vhixenbaugh@green-plus.com	Approved
553	2019-05-24	Ernie	Bowley	tnicolozakes@goodsilron.com	Approved
554	2019-05-24	Bernardo	Nicka	shamilton@donware.com	Approved
556	2019-05-27	Ty	Raymo	mwaymire@hatfan.com	Approved
557	2019-05-27			cseewald@xx-holding.com	Approved
559	2019-05-28	Bobbye	Strassner	shoogland@kan-code.com	Approved
561	2019-05-29	Viola	Halter	nriden@plussunin.com	Approved
564	2019-05-31	Antione	Coyier	mfallick@ontomedia.com	Approved
565	2019-05-31	Solange	Limmel	lragel@gogozoom.com	Approved
566	2019-06-03	Rebecka	Biddy	kscheyer@conecom.com	Approved
567	2019-06-04	Barrett	Worlds	rasar@lexiqvolax.com	Approved
568	2019-06-04	Merilyn	Bruschke	mshadrick@statholdings.com	Approved
570	2019-06-05	Izetta	Albares	agudroe@rantouch.com	Approved
571	2019-06-06			tmiceli@zathunicon.com	Approved
572	2019-06-06	Nobuko	Gillian	lweirather@condax.com	Approved
573	2019-06-06	Lai	Devreese	cseewald@xx-holding.com	Approved
574	2019-06-07	Clay	Pugh	dmaile@gogozoom.com	Approved
575	2019-06-07	Bobbye	Gochal	evanausdal@konex.com	Approved
576	2019-06-10	Novella	Plumer	pheintzman@sunnamplex.com	Approved
578	2019-06-11	Rolande	Sergi	lscheyer@sonron.com	Approved
579	2019-06-12	Lenna	Threets	lcandlish@domzoom.com	Rejected
580	2019-06-12			pheintzman@sunnamplex.com	Rejected
581	2019-06-12	Jesusa	Ankeny	tmiceli@zathunicon.com	Approved
582	2019-06-13	France	Tillotson	tkines@zotware.com	Rejected
583	2019-06-13	Minna	Hoopengardner	sbrucato@bioholding.com	Rejected
584	2019-06-13	Filiberto	Melnyk	ikampa@rundofase.com	Approved
585	2019-06-14			lfern@zumgoity.com	Rejected
586	2019-06-14	Willodean	Maillard	mpinilla@ganjaflex.com	Approved
587	2019-06-17	Ernie	Rodefer	emallett@donquadtech.com	Approved
590	2019-06-18	Rebecka	Keetch	vhixenbaugh@green-plus.com	Approved
591	2019-06-19	Xuan	Juvera	sshadrick@scotfind.com	Rejected
594	2019-06-20	Annelle	Pinilla	sparvis@zumgoity.com	Approved
595	2019-06-21	Chauncey	Mallett	cseewald@xx-holding.com	Rejected
596	2019-06-21			lcandlish@domzoom.com	Approved
599	2019-06-24			mshadrick@statholdings.com	Approved
600	2019-06-25	Lonny	Stimmel	vhalter@stanredtax.com	Approved
601	2019-06-25	Corinne	Onofrio	tnicolozakes@goodsilron.com	Approved
602	2019-06-25			mdiscipio@rundofase.com	Rejected
605	2019-06-27			epaa@hatfan.com	Approved
606	2019-06-27	Beatriz	Sengbusch	sshadrick@scotfind.com	Approved
607	2019-06-28	Ty	Maynerich	tarceo@stanredtax.com	Approved
608	2019-06-28	Kaitlyn	Keneipp	mlietz@openlane.com	Rejected
609	2019-06-28			liturbide@openlane.com	Rejected
610	2019-07-01	Glen	Yori	dschmaltz@scotfind.com	Approved
611	2019-07-01			chalsey@kinnamplus.com	Approved
612	2019-07-02			thughey@statholdings.com	Approved
613	2019-07-02	Karl	Schoeneck	cturinetti@goodsilron.com	Approved
614	2019-07-03			nriden@plussunin.com	Approved
615	2019-07-03	Shenika	Rodeigues	fmunns@betasoloin.com	Approved
616	2019-07-03	Stephaine	Corrington	epaa@hatfan.com	Approved
617	2019-07-04	Shawna	Schemmer	cgrenet@warephase.com	Approved
618	2019-07-04	Hermila	Weglarz	sbrucato@bioholding.com	Approved
619	2019-07-05			ttolfree@iselectrics.com	Approved
622	2019-07-09	Ty	Munis	pheintzman@sunnamplex.com	Rejected
623	2019-07-09			kscheyer@conecom.com	Approved
624	2019-07-10	Daren	Rowling	oturinetti@dambase.com	Approved
625	2019-07-10	Markus	Moyd	mdiscipio@rundofase.com	Approved
626	2019-07-11			clary@scotfind.com	Approved
630	2019-07-12	Shawnda	Ogg	mgesick@hatfan.com	Rejected
633	2019-07-16	Pamella	Agramonte	cturinetti@goodsilron.com	Approved
634	2019-07-17	Mitsue	Bolognia	jnicolozakes@plexzap.com	Approved
635	2019-07-17	Annmarie	Tromblay	aeschberger@golddex.com	Approved
636	2019-07-18	Ammie	Pinilla	taquas@streethex.com	Approved
638	2019-07-18	Vincent	Reitler	tnicolozakes@goodsilron.com	Rejected
639	2019-07-19	Hubert	Bitsuie	sshadrick@scotfind.com	Approved
640	2019-07-19	Karl	Kulzer	liturbide@openlane.com	Approved
641	2019-07-22	Ciara	Linahan	swaymire@gogozoom.com	Approved
642	2019-07-22	Lilli	Gleich	epaa@hatfan.com	Approved
643	2019-07-22			mschmaltz@zencorporation.com	Approved
645	2019-07-23	Roxane	Lizama	pyum@mathtouch.com	Approved
646	2019-07-23	Cammy	Hamilton	lsaylors@iselectrics.com	Rejected
647	2019-07-24	Corinne	Schieler	lvanausdal@codehow.com	Approved
648	2019-07-24	Izetta	Monarrez	chalsey@kinnamplus.com	Approved
649	2019-07-24	Cassi	Shire	tnicolozakes@goodsilron.com	Approved
652	2019-07-26	Arminda	Skulski	fmunns@betasoloin.com	Approved
653	2019-07-26	Alline	Nievas	lstimmel@j-texon.com	Approved
654	2019-07-26	Cristy	Bolognia	aandreason@year-job.com	Approved
655	2019-07-26	Virgie	Maisto	mcorrington@faxquote.com	Rejected
657	2019-07-29	Salena	Scipione	tkines@zotware.com	Approved
661	2019-07-31	Amie	Mondella	rdhamer@donware.com	Approved
664	2019-08-01	Tiffiny	Lietz	grestrepo@blackzim.com	Approved
665	2019-08-01	Jutta	Saulter	liturbide@openlane.com	Rejected
666	2019-08-01	Charlene	Maclead	remigh@ganjaflex.com	Rejected
668	2019-08-02	Erick	Radde	mwaymire@hatfan.com	Approved
670	2019-08-05	Ilene	Threets	tkorando@kinnamplus.com	Rejected
671	2019-08-06	Cecilia	Gesick	lstimmel@j-texon.com	Approved
674	2019-08-07	Dorthy	Kines	mshadrick@statholdings.com	Approved
675	2019-08-08			mdiscipio@rundofase.com	Approved
676	2019-08-08	Marge	Mondella	pheintzman@sunnamplex.com	Approved
677	2019-08-09	Tiffiny	Modzelewski	pyum@mathtouch.com	Approved
680	2019-08-12	Jesusita	Kusko	mcorrington@faxquote.com	Approved
681	2019-08-12	Carey	Vanheusen	nschmierer@zathunicon.com	Approved
682	2019-08-13	Jennifer	Gwalthney	fmorocco@toughzap.com	Rejected
684	2019-08-13	Rolande	Tegarden	vhixenbaugh@green-plus.com	Rejected
685	2019-08-13			cschieler@rangreen.com	Rejected
687	2019-08-14	Talia	Nabours	sscipione@toughzap.com	Rejected
688	2019-08-15	Regenia	Daufeldt	emallett@donquadtech.com	Approved
689	2019-08-15	Kallie	Strassner	ecraghead@zathunicon.com	Approved
691	2019-08-15	Colette	Lukasik	cschoeneck@bioplex.com	Approved
692	2019-08-16	Carissa	Farrar	chalsey@kinnamplus.com	Approved
693	2019-08-16	Tyra	Aquas	nschmierer@zathunicon.com	Approved
694	2019-08-19	Virgina	Keener	amodzelewski@donware.com	Approved
695	2019-08-19			goles@newex.com	Approved
697	2019-08-20	Ligia	Fallick	rdilello@sunnamplex.com	Approved
698	2019-08-20	Shonda	Dubaldi	sgillian@betasoloin.com	Approved
701	2019-08-21	Theola	Madarang	hnachor@stanredtax.com	Approved
702	2019-08-21	Thurman	Zepp	cschieler@rangreen.com	Rejected
703	2019-08-22	Vilma	Hixenbaugh	jdrymon@kan-code.com	Approved
704	2019-08-22	Timothy	Kines	vsayaphon@dontechi.com	Approved
706	2019-08-22	Bernardine	Degroot	fcoyier@fasehatice.com	Approved
710	2019-08-26	Kenneth	Juhas	nplumer@doncon.com	Approved
711	2019-08-26			aeschberger@golddex.com	Approved
715	2019-08-27	Hillary	Menter	pyum@mathtouch.com	Approved
716	2019-08-28			kgabisi@opentech.com	Approved
717	2019-08-28			lsaylors@iselectrics.com	Approved
718	2019-08-28	Diane	Wenner	tmiceli@zathunicon.com	Approved
720	2019-08-29	Deonna	Wenner	mshire@statholdings.com	Approved
721	2019-08-30			erodefer@codehow.com	Approved
722	2019-08-30	Lonny	Hiatt	hpagliuca@rundofase.com	Approved
723	2019-08-30	Ligia	Campain	emallett@donquadtech.com	Approved
724	2019-09-02	Dorothy	Kownacki	tkarpel@plussunin.com	Approved
725	2019-09-02			shoogland@kan-code.com	Approved
729	2019-09-04	Daniela	Bruschke	apaprocki@gogozoom.com	Approved
736	2019-09-09	Bulah	Sayaphon	remigh@ganjaflex.com	Approved
737	2019-09-09	Alecia	Schirpke	dschmaltz@scotfind.com	Approved
738	2019-09-09	Mitzie	Turinetti	sgillian@betasoloin.com	Approved
739	2019-09-10	Shonda	Waymire	mcorrington@faxquote.com	Approved
740	2019-09-10			candreason@donquadtech.com	Approved
741	2019-09-11	Elouise	Tromblay	dmalet@openlane.com	Approved
742	2019-09-11	Maryann	Wardrip	fweirather@warephase.com	Rejected
746	2019-09-12	Caprice	Keetch	dschmaltz@scotfind.com	Approved
750	2019-09-16	Kaitlyn	Ventura	kknipp@cancity.com	Approved
751	2019-09-17	Joseph	Borgman	ewrinkles@zotware.com	Approved
752	2019-09-17	Estrella	Abdallah	mgesick@hatfan.com	Approved
753	2019-09-17			sgudroe@donware.com	Approved
754	2019-09-17	Geoffrey	Chavous	bscheyer@isdom.com	Approved
755	2019-09-18	Virgie	Parvis	lhalsey@plexzap.com	Approved
757	2019-09-18	Cherry	Bolognia	vhauenstein@codehow.com	Approved
759	2019-09-19	Karl	Patak	hweirather@lexiqvolax.com	Approved
760	2019-09-20	Shenika	Pawlowicz	lvanausdal@codehow.com	Approved
761	2019-09-20	Lenna	Wide	sparvis@zumgoity.com	Approved
762	2019-09-20	Edna	Brossart	cmanno@donquadtech.com	Approved
766	2019-09-24	Salome	Bubash	ikampa@rundofase.com	Approved
769	2019-09-26	Carmela	Kippley	ttolfree@iselectrics.com	Approved
771	2019-09-27	Lindsey	Vanausdal	mpinilla@ganjaflex.com	Rejected
772	2019-09-27	Portia	Julia	kamigon@faxquote.com	Approved
777	2019-09-30	Jade	Rhymes	lcandlish@domzoom.com	Approved
778	2019-10-01	Lorrine	Karpel	vsayaphon@dontechi.com	Approved
780	2019-10-02	Marjory	Schmaltz	rasar@lexiqvolax.com	Approved
783	2019-10-03	Laurel	Gudroe	mfallick@ontomedia.com	Rejected
784	2019-10-04	Roosevelt	Shields	fchesterfield@condax.com	Rejected
787	2019-10-07	Claribel	Hagele	mshadrick@statholdings.com	Approved
789	2019-10-08			tarceo@stanredtax.com	Approved
794	2019-10-10	Rima	Beech	cgrenet@warephase.com	Approved
795	2019-10-11	Peggie	Gudroe	vborgman@groovestreet.com	Approved
796	2019-10-11	Daron	Hoa	nsmith@rangreen.com	Rejected
797	2019-10-14	Theola	Chesterfield	rbilden@zathunicon.com	Approved
800	2019-10-15	Brittni	Mastella	gbuzick@bioholding.com	Approved
803	2019-10-16	Heike	Weirather	jostrosky@donware.com	Rejected
804	2019-10-17	Sheridan	Abdallah	dbayless@codehow.com	Approved
805	2019-10-17	Celeste	Greenbush	clary@scotfind.com	Rejected
806	2019-10-18	Vincenza	Keneipp	mshadrick@statholdings.com	Approved
809	2019-10-22	Marvel	Nachor	agudroe@rantouch.com	Approved
811	2019-10-23			jneither@statholdings.com	Rejected
817	2019-10-25			cmanno@donquadtech.com	Approved
819	2019-10-25	Albina	Spickerman	dschmaltz@scotfind.com	Approved
820	2019-10-28	Francine	Gesick	ameteer@doncon.com	Approved
821	2019-10-28	Galen	Kohnert	rdhamer@donware.com	Approved
823	2019-10-29	Roosevelt	Loader	lragel@gogozoom.com	Approved
824	2019-10-29	Tamar	Wrinkles	jneither@statholdings.com	Approved
825	2019-10-30	Stephane	Hoogland	fcoyier@fasehatice.com	Approved
827	2019-10-31	Alyce	Ostrosky	cgrenet@warephase.com	Approved
828	2019-11-01	Carlee	Paulas	sbrucato@bioholding.com	Rejected
829	2019-11-01	Tasia	Tegarden	thughey@statholdings.com	Approved
831	2019-11-04	Rhea	Samu	aharabedian@newex.com	Approved
835	2019-11-06	Glendora	Scheyer	mshire@statholdings.com	Approved
836	2019-11-06			cmaclead@ron-tech.com	Approved
840	2019-11-08	Josephine	Turinetti	rbilden@zathunicon.com	Approved
841	2019-11-08			ylueckenbach@bioholding.com	Approved
843	2019-11-11	Thaddeus	Palaia	cmanno@donquadtech.com	Approved
844	2019-11-11	Bernardo	Schnitzler	lcolla@condax.com	Approved
847	2019-11-12	Shalon	Canlas	lhalsey@domzoom.com	Approved
848	2019-11-13			erodefer@codehow.com	Approved
852	2019-11-14	Amie	Juvera	swaymire@gogozoom.com	Approved
854	2019-11-15	Kimbery	Paprocki	epaa@hatfan.com	Approved
856	2019-11-15	Tarra	Gibes	vhalter@stanredtax.com	Approved
858	2019-11-18			vsayaphon@dontechi.com	Approved
859	2019-11-18			lragel@gogozoom.com	Approved
861	2019-11-19	Charlene	Jacobos	jdrymon@kan-code.com	Approved
863	2019-11-19	Alline	Fortino	swaymire@gogozoom.com	Approved
864	2019-11-20	Jennie	Nachor	lehmann@plusstrip.com	Approved
866	2019-11-21	Aja	Konopacki	mschmaltz@zencorporation.com	Approved
877	2019-11-27	Teddy	Pagliuca	mwaymire@hatfan.com	Approved
878	2019-11-28	Shawnda	Centini	lehmann@plusstrip.com	Approved
882	2019-11-29	Gearldine	Ahle	lhalsey@domzoom.com	Approved
886	2019-12-02	Trinidad	Vanausdal	mdiscipio@rundofase.com	Rejected
894	2019-12-06	Elvera	Barfield	liturbide@openlane.com	Approved
897	2019-12-10	Laticia	Worlds	tkines@zotware.com	Approved
902	2019-12-12	Kirk	Wiklund	tsuell@ganjaflex.com	Approved
907	2019-12-16	Helene	Bruschke	mkiel@dambase.com	Approved
913	2019-12-18	Cathrine	Saulter	mpinilla@ganjaflex.com	Rejected
914	2019-12-18	Amie	Tolfree	kamigon@faxquote.com	Rejected
915	2019-12-19			lfillingim@konex.com	Rejected
918	2019-12-20	Sage	Mconnell	nriden@plussunin.com	Approved
929	2019-12-26	Salena	Lukasik	fcoyier@fasehatice.com	Approved
932	2019-12-30	Mollie	Venere	cturinetti@goodsilron.com	Approved
935	2019-12-31	Kerry	Ankeny	mdiscipio@rundofase.com	Approved
937	2020-01-01			sscipione@toughzap.com	Approved
939	2020-01-01	Raina	Amyot	dmaile@gogozoom.com	Approved
942	2020-01-02	Ezekiel	Pawlowicz	cturinetti@goodsilron.com	Approved
943	2020-01-03	Eden	Parlato	lfillingim@konex.com	Approved
947	2020-01-07	Fannie	Emigh	lsengbusch@plusstrip.com	Rejected
948	2020-01-07	Maile	Lukasik	dbayless@codehow.com	Approved
957	2020-01-10	Vincent	Kippley	sbrucato@bioholding.com	Approved
958	2020-01-13	Jerry	Paprocki	tkorando@kinnamplus.com	Approved
973	2020-01-20			lcolla@condax.com	Approved
975	2020-01-20	Staci	Craghead	tsuell@ganjaflex.com	Rejected
982	2020-01-23	Donte	Harabedian	ikampa@rundofase.com	Approved
988	2020-01-27			fmunns@betasoloin.com	Approved
1024	2020-02-18	Bernardine	Butzen	dmaile@gogozoom.com	Approved