144,2018-09-20,,,gkusko@scottech.com,pending approval
172,2018-10-05,Jacqueline,Nicolozakes,rasar@lexiqvolax.com,pending approval
372,2019-02-06,Rasheeda,Palaia,vborgman@groovestreet.com,pending approval
382,2019-02-12,Pamella,Upthegrove,mwaymire@hatfan.com,pending approval
417,2019-03-05,Louisa,Klang,cankeny@hottechi.com,pending approval
432,2019-03-14,Josphine,Nievas,lragel@gogozoom.com,pending approval
436,2019-03-18,Tegan,Colla,fmorocco@toughzap.com,pending approval
443,2019-03-21,Eden,Ankeny,tsuell@ganjaflex.com,pending approval
448,2019-03-22,Pete,Maisto,mshadrick@statholdings.com,pending approval
462,2019-04-02,Lorrie,Morocco,sscipione@toughzap.com,pending approval
504,2019-04-26,Deonna,Steffensmeier,oturinetti@dambase.com,pending approval
507,2019-04-30,Nelida,Rentfro,emallett@donquadtech.com,pending approval
508,2019-04-30,Fabiola,Bubash,goles@newex.com,pending approval
510,2019-05-01,Clorinda,Hirpara,lcandlish@domzoom.com,pending approval
525,2019-05-09,Carma,Riopelle,lragel@gogozoom.com,pending approval
529,2019-05-10,Nichelle,Riden,gkusko@scottech.com,pending approval
530,2019-05-10,Valentine,Wide,ylueckenbach@bioholding.com,pending approval
535,2019-05-14,Merilyn,Meisel,ameteer@doncon.com,pending approval
540,2019-05-16,Ammie,Polidori,tkarpel@plussunin.com,pending approval
546,2019-05-20,,,fweirather@warephase.com,pending approval
551,2019-05-23,Tegan,Springe,lragel@gogozoom.com,pending approval
555,2019-05-27,Fletcher,Gotter,aeschberger@golddex.com,pending approval
558,2019-05-28,Lai,Cloney,jmerced@codehow.com,pending approval
560,2019-05-29,Daniel,Seewald,awenner@openlane.com,pending approval
562,2019-05-30,Melissa,Gillaspie,lhalsey@plexzap.com,pending approval
563,2019-05-31,Johnetta,Poquette,cankeny@hottechi.com,pending approval
569,2019-06-05,Clorinda,Manno,rdhamer@donware.com,pending approval
577,2019-06-11,Cheryl,Cryer,ythyberg@openlane.com,pending approval
588,2019-06-17,Jacqueline,Zagen,chalsey@kinnamplus.com,pending approval
589,2019-06-18,Nichelle,Acey,gyori@ganjaflex.com,pending approval
592,2019-06-19,Glen,Merced,lhalsey@plexzap.com,pending approval
593,2019-06-20,Jolanda,Discipio,grestrepo@blackzim.com,pending approval
597,2019-06-24,Theola,Kines,ffrancescon@finjob.com,pending approval
598,2019-06-24,Elke,Lace,nplumer@doncon.com,pending approval
603,2019-06-26,Solange,Blunk,nschmierer@zathunicon.com,pending approval
604,2019-06-26,Daren,Similton,tboord@iselectrics.com,pending approval
620,2019-07-08,Alishia,Acey,rdhamer@donware.com,pending approval
621,2019-07-08,,,rasar@lexiqvolax.com,pending approval
627,2019-07-11,,,tboord@iselectrics.com,pending approval
628,2019-07-11,,,lcolla@condax.com,pending approval
629,2019-07-12,Freeman,Varriano,lfillingim@konex.com,pending approval
631,2019-07-15,Blondell,Kohl,goles@newex.com,pending approval
632,2019-07-15,Daron,Fern,cgrenet@warephase.com,pending approval
637,2019-07-18,Gertude,Mauson,lvanausdal@codehow.com,pending approval
644,2019-07-23,Ammie,Husser,sparvis@zumgoity.com,pending approval
650,2019-07-24,Lili,Berray,gkusko@scottech.com,pending approval
651,2019-07-25,Raina,Karpel,vhalter@stanredtax.com,pending approval
656,2019-07-29,,,kgabisi@opentech.com,pending approval
658,2019-07-30,Felix,Konopacki,aharnos@treequote.com,pending approval
659,2019-07-30,Jose,Bolognia,costolaza@goodsilron.com,pending approval
660,2019-07-31,Gladys,Berlanga,rdaufeldt@zencorporation.com,pending approval
662,2019-07-31,Dean,Meinerding,thughey@statholdings.com,pending approval
663,2019-08-01,Glory,Schnitzler,jostrosky@donware.com,pending approval
667,2019-08-02,,,dmalet@openlane.com,pending approval
669,2019-08-05,Fatima,Bitsuie,mshire@statholdings.com,pending approval
672,2019-08-07,,,mscriven@singletechno.com,pending approval
673,2019-08-07,Loren,Rentfro,fmorocco@toughzap.com,pending approval
678,2019-08-09,Amber,Harnos,vketelsen@finhigh.com,pending approval
679,2019-08-09,Merissa,Weglarz,lehmann@plusstrip.com,pending approval
683,2019-08-13,Mirta,Hamilton,candreason@donquadtech.com,pending approval
686,2019-08-14,Dierdre,Darakjy,chughey@gogozoom.com,pending approval
690,2019-08-15,Theodora,Zane,nschmierer@zathunicon.com,pending approval
696,2019-08-19,Ilene,Parlato,taquas@streethex.com,pending approval
699,2019-08-20,Samira,Mconnell,ffrancescon@finjob.com,pending approval
700,2019-08-20,Theodora,Reitler,tkorando@kinnamplus.com,pending approval
705,2019-08-22,Buddy,Berray,kgabisi@opentech.com,pending approval
707,2019-08-23,,,kgabisi@opentech.com,pending approval
708,2019-08-23,Shawnda,Tegarden,hmirafuentes@toughzap.com,pending approval
709,2019-08-26,Keneth,Stenseth,mfallick@ontomedia.com,pending approval
712,2019-08-27,Mitsue,Monarrez,cankeny@hottechi.com,pending approval
713,2019-08-27,Graciela,Rhym,sdilliard@faxquote.com,pending approval
714,2019-08-27,Teddy,Meteer,sparvis@zumgoity.com,pending approval
719,2019-08-29,Roslyn,Dilliard,sdilliard@faxquote.com,pending approval
726,2019-09-03,,,fchesterfield@condax.com,pending approval
727,2019-09-03,Vincenza,Bitsuie,gbuzick@bioholding.com,pending approval
728,2019-09-03,,,mpinilla@ganjaflex.com,pending approval
730,2019-09-04,Lettie,Munns,ameteer@doncon.com,pending approval
731,2019-09-04,France,Martabano,cfrey@scotfind.com,pending approval
732,2019-09-05,,,ameteer@doncon.com,pending approval
733,2019-09-05,Lonny,Ogg,clary@scotfind.com,pending approval
734,2019-09-05,Britt,Brucato,ljuvera@xx-holding.com,pending approval
735,2019-09-06,Arlene,Ragel,kgabisi@opentech.com,pending approval
743,2019-09-11,,,candreason@donquadtech.com,pending approval
744,2019-09-12,Kristofer,Lapage,chughey@gogozoom.com,pending approval
745,2019-09-12,Mollie,Steffensmeier,amodzelewski@donware.com,pending approval
747,2019-09-13,Beatriz,Flosi,ewrinkles@zotware.com,pending approval
748,2019-09-13,,,cmaclead@ron-tech.com,pending approval
749,2019-09-16,Donette,Rodeigues,dmalet@openlane.com,pending approval
756,2019-09-18,Noah,Munns,dbayless@codehow.com,pending approval
758,2019-09-19,Glenn,Perruzza,chalsey@kinnamplus.com,pending approval
763,2019-09-23,Cecily,Yglesias,agudroe@rantouch.com,pending approval
764,2019-09-23,,,rdaufeldt@zencorporation.com,pending approval
765,2019-09-24,Hoa,Wenzinger,fweirather@warephase.com,pending approval
767,2019-09-25,Lai,Brucato,nplumer@doncon.com,pending approval
768,2019-09-25,Kanisha,Wolny,lragel@gogozoom.com,pending approval
770,2019-09-26,Krissy,Ahle,jostrosky@donware.com,pending approval
773,2019-09-27,Nieves,Blackwood,mshields@iselectrics.com,pending approval
774,2019-09-27,Joni,Restrepo,chalsey@kinnamplus.com,pending approval
775,2019-09-30,Annelle,Gibes,candreason@donquadtech.com,pending approval
776,2019-09-30,Deandrea,Varriano,awenner@openlane.com,pending approval
779,2019-10-01,Yoko,Nachor,lcandlish@domzoom.com,pending approval
781,2019-10-02,Fernanda,Vonasek,spinilla@zoomit.com,pending approval
782,2019-10-03,Van,Good,kknipp@cancity.com,pending approval
785,2019-10-04,Salena,Rauser,costolaza@goodsilron.com,pending approval
786,2019-10-07,Sheridan,Garufi,apaprocki@gogozoom.com,pending approval
788,2019-10-07,Mariann,Corrington,mmoyd@lexiqvolax.com,pending approval
790,2019-10-08,,,lwide@mathtouch.com,pending approval
791,2019-10-08,Lavera,Halsey,goles@newex.com,pending approval
792,2019-10-09,,,shoogland@kan-code.com,pending approval
793,2019-10-10,Pamella,Schnitzler,mkiel@dambase.com,pending approval
798,2019-10-14,,,lcandlish@domzoom.com,pending approval
799,2019-10-14,Sabra,Rochin,goles@newex.com,pending approval
801,2019-10-15,Novella,Lindall,lragel@gogozoom.com,pending approval
802,2019-10-15,,,mloder@rantouch.com,pending approval
807,2019-10-21,Selma,Wiklund,hweirather@lexiqvolax.com,pending approval
808,2019-10-21,Shalon,Sama,mshire@statholdings.com,pending approval
810,2019-10-22,Kris,Pedrozo,cmanno@donquadtech.com,pending approval
812,2019-10-23,Scarlet,Ruta,erodefer@codehow.com,pending approval
813,2019-10-23,Larae,Iturbide,fcoyier@fasehatice.com,pending approval
814,2019-10-24,Ma,Maisto,lhalsey@plexzap.com,pending approval
815,2019-10-24,,,jdrymon@kan-code.com,pending approval
816,2019-10-24,,,dmalet@openlane.com,pending approval
818,2019-10-25,Izetta,Jacobos,mgesick@hatfan.com,pending approval
822,2019-10-29,Carmela,Sweely,ythyberg@openlane.com,pending approval
826,2019-10-31,Jesusita,Dopico,jborgman@isdom.com,pending approval
830,2019-11-04,Rasheeda,Smith,fmorocco@toughzap.com,pending approval
832,2019-11-05,Jutta,Hidvegi,lfern@zumgoity.com,pending approval
833,2019-11-05,Kristeen,Haroldson,spinilla@zoomit.com,pending approval
834,2019-11-06,Gail,Restrepo,cseewald@xx-holding.com,pending approval
837,2019-11-07,Freeman,Wide,hweirather@lexiqvolax.com,pending approval
838,2019-11-07,Catalina,Kannady,tnicolozakes@goodsilron.com,pending approval
839,2019-11-07,Willard,Asar,kgabisi@opentech.com,pending approval
842,2019-11-08,Jani,Tolfree,nbartolet@inity.com,pending approval
845,2019-11-12,Margart,Barfield,rhirpara@scottech.com,pending approval
846,2019-11-12,,,gmauson@sumace.com,pending approval
849,2019-11-13,,,awenner@openlane.com,pending approval
850,2019-11-13,Tresa,Schemmer,mfallick@ontomedia.com,pending approval
851,2019-11-14,,,lfern@zumgoity.com,pending approval
853,2019-11-15,,,fmunns@betasoloin.com,pending approval
855,2019-11-15,Felicidad,Munns,fstorment@mathtouch.com,pending approval
857,2019-11-18,,,ylueckenbach@bioholding.com,pending approval
860,2019-11-19,Jutta,Kusko,rdhamer@donware.com,pending approval
862,2019-11-19,Viola,Ruta,mcorrington@faxquote.com,pending approval
865,2019-11-20,Lai,Nunlee,lehmann@plusstrip.com,pending approval
867,2019-11-21,Billye,Scheyer,shoogland@kan-code.com,pending approval
868,2019-11-22,Gilma,Harabedian,pheintzman@sunnamplex.com,pending approval
869,2019-11-22,Cristy,Eroman,vborgman@groovestreet.com,pending approval
870,2019-11-22,Justine,Albares,fchesterfield@condax.com,pending approval
871,2019-11-25,Iluminada,Matuszak,mmoyd@lexiqvolax.com,pending approval
872,2019-11-25,Kristeen,Munis,ecraghead@zathunicon.com,pending approval
873,2019-11-25,Abel,Arceo,rbilden@zathunicon.com,pending approval
874,2019-11-26,Laticia,Brossart,mscriven@singletechno.com,pending approval
875,2019-11-26,Scarlet,Cronauer,tmiceli@zathunicon.com,pending approval
876,2019-11-27,Raymon,Bilden,ljuvera@xx-holding.com,pending approval
879,2019-11-28,Carmela,Pugh,rcantres@treequote.com,pending approval
880,2019-11-28,Carmela,Hauenstein,nbartolet@inity.com,pending approval
881,2019-11-29,Elly,Fritz,rdhamer@donware.com,pending approval
883,2019-11-29,Taryn,Meisel,goles@newex.com,pending approval
884,2019-12-02,Lizette,Hengel,fweirather@warephase.com,pending approval
885,2019-12-02,Sharen,Brucato,mshields@iselectrics.com,pending approval
887,2019-12-03,Ligia,Darakjy,nsmith@rangreen.com,pending approval
888,2019-12-03,Ammie,Hoogland,tboord@iselectrics.com,pending approval
889,2019-12-04,Viola,Sarao,ythyberg@openlane.com,pending approval
890,2019-12-04,Laurel,Buzick,lsaylors@iselectrics.com,pending approval
891,2019-12-05,,,kgabisi@opentech.com,pending approval
892,2019-12-05,Junita,Farrow,sbrucato@bioholding.com,pending approval
893,2019-12-06,Rory,Bennick,jturinetti@toughzap.com,pending approval
895,2019-12-09,Lizette,Ehmann,costolaza@goodsilron.com,pending approval
896,2019-12-09,Cassi,Wenzinger,gjeanty@faxquote.com,pending approval
898,2019-12-10,Erick,Lary,cturinetti@goodsilron.com,pending approval
899,2019-12-11,Lauran,Agramonte,nriden@plussunin.com,pending approval
900,2019-12-11,Rolland,Pontoriero,kknipp@cancity.com,pending approval
901,2019-12-11,Gail,Ogg,sdilliard@faxquote.com,pending approval
903,2019-12-12,Lashon,Abdallah,kscheyer@conecom.com,pending approval
904,2019-12-13,Mitsue,Pinilla,fweirather@warephase.com,pending approval
905,2019-12-13,Gayla,Mcrae,gyori@ganjaflex.com,pending approval
906,2019-12-13,,,oturinetti@dambase.com,pending approval
908,2019-12-16,Goldie,Halter,mloder@rantouch.com,pending approval
909,2019-12-16,,,ljuvera@xx-holding.com,pending approval
910,2019-12-17,Jenelle,Ventura,apaprocki@gogozoom.com,pending approval
911,2019-12-17,Thurman,Maybury,jostrosky@donware.com,pending approval
912,2019-12-17,Rozella,Degonia,lhalsey@domzoom.com,pending approval
916,2019-12-19,Joanna,Merced,rmaynerich@bioholding.com,pending approval
917,2019-12-20,Diane,Staback,thughey@statholdings.com,pending approval
919,2019-12-23,,,sbrucato@bioholding.com,pending approval
920,2019-12-23,Antione,Oles,rpugh@kinnamplus.com,pending approval
921,2019-12-23,Cecilia,Amigon,costolaza@goodsilron.com,pending approval
922,2019-12-24,,,lsaylors@iselectrics.com,pending approval
923,2019-12-24,Jennifer,Honeywell,nriden@plussunin.com,pending approval
924,2019-12-24,Harrison,Korando,nplumer@doncon.com,pending approval
925,2019-12-25,Danica,Bilden,cmaclead@ron-tech.com,pending approval
926,2019-12-25,Laurel,Kippley,lehmann@plusstrip.com,pending approval
927,2019-12-25,Alaine,Pawlowicz,vhalter@stanredtax.com,pending approval
928,2019-12-26,Sage,Sweely,lstimmel@j-texon.com,pending approval
930,2019-12-27,Izetta,Caldarera,sbrucato@bioholding.com,pending approval
931,2019-12-30,,,goles@newex.com,pending approval
933,2019-12-30,Kate,Ragel,jostrosky@donware.com,pending approval
934,2019-12-31,Bobbye,Korando,tsuell@ganjaflex.com,pending approval
936,2019-12-31,Marvel,Labreche,mschmaltz@zencorporation.com,pending approval
938,2020-01-01,Stevie,Kiel,rkannady@rundofase.com,pending approval
940,2020-01-01,Lucina,Nicolozakes,dmalet@openlane.com,pending approval
941,2020-01-02,Ernie,Bachman,evanausdal@konex.com,pending approval
944,2020-01-03,Earleen,Semidey,lfillingim@konex.com,pending approval
945,2020-01-06,Gilma,Mccullan,vhixenbaugh@green-plus.com,pending approval
946,2020-01-06,Felicidad,Dopico,mloder@rantouch.com,pending approval
949,2020-01-08,Ryan,Wiklund,aeschberger@golddex.com,pending approval
950,2020-01-08,Lindsey,Schoeneck,taquas@streethex.com,pending approval
951,2020-01-08,Blair,Heimann,chughey@gogozoom.com,pending approval
952,2020-01-09,Cherry,Thyberg,mcorrington@faxquote.com,pending approval
953,2020-01-09,Fletcher,Reitler,chalsey@kinnamplus.com,pending approval
954,2020-01-09,Hoa,Lother,dbruschke@betasoloin.com,pending approval
955,2020-01-10,Twana,Tomasulo,pheintzman@sunnamplex.com,pending approval
956,2020-01-10,,,rpugh@kinnamplus.com,pending approval
959,2020-01-13,,,mpinilla@ganjaflex.com,pending approval
960,2020-01-13,Raymon,Westerbeck,sparvis@zumgoity.com,pending approval
961,2020-01-13,Yvonne,Isenhower,mloder@rantouch.com,pending approval
962,2020-01-14,Jolene,Kohl,lscheyer@sonron.com,pending approval
963,2020-01-14,Felix,Scheyer,ffrancescon@finjob.com,pending approval
964,2020-01-14,Tarra,Nicolozakes,rkannady@rundofase.com,pending approval
965,2020-01-15,Marguerita,Rhym,kamigon@faxquote.com,pending approval
966,2020-01-15,Devora,Gellinger,nriden@plussunin.com,pending approval
967,2020-01-15,Natalie,Ohms,ttolfree@iselectrics.com,pending approval
968,2020-01-16,Alpha,Arceo,rdhamer@donware.com,pending approval
969,2020-01-16,Franklyn,Farrar,jborgman@isdom.com,pending approval
970,2020-01-17,,,vketelsen@finhigh.com,pending approval
971,2020-01-17,Viva,Cookey,fstorment@mathtouch.com,pending approval
972,2020-01-20,,,mgesick@hatfan.com,pending approval
974,2020-01-20,Pamella,Caudy,tkines@zotware.com,pending approval
976,2020-01-21,Rolande,Scriven,mfallick@ontomedia.com,pending approval
977,2020-01-21,Vilma,Aredondo,gmauson@sumace.com,pending approval
978,2020-01-21,Dyan,Sama,gmauson@sumace.com,pending approval
979,2020-01-22,,,jborgman@isdom.com,pending approval
980,2020-01-22,Devorah,Yori,lfillingim@konex.com,pending approval
981,2020-01-22,Fatima,Steier,nbartolet@inity.com,pending approval
983,2020-01-23,Lauran,Albares,bscheyer@isdom.com,pending approval
984,2020-01-24,Nieves,Hollack,mmoyd@lexiqvolax.com,pending approval
985,2020-01-24,Virgina,Bilden,hnachor@stanredtax.com,pending approval
986,2020-01-24,Tegan,Bowley,fcoyier@fasehatice.com,pending approval
987,2020-01-27,,,ffrancescon@finjob.com,pending approval
989,2020-01-28,Laticia,Raymo,mscriven@singletechno.com,pending approval
990,2020-01-28,Flo,Montezuma,aeschberger@golddex.com,pending approval
991,2020-01-28,,,evanausdal@konex.com,pending approval
992,2020-01-28,Rory,Haufler,taquas@streethex.com,pending approval
993,2020-01-29,Nan,Fritz,dbayless@codehow.com,pending approval
994,2020-01-29,Maile,Hoffis,cmaclead@ron-tech.com,pending approval
995,2020-01-30,Dick,Felger,dmaile@gogozoom.com,pending approval
996,2020-01-30,Kirk,Pugh,rdhamer@donware.com,pending approval
997,2020-01-31,,,lstimmel@j-texon.com,pending approval
998,2020-02-03,Dominque,Hudnall,sgudroe@donware.com,pending approval
999,2020-02-03,Bulah,Mclaird,rpugh@kinnamplus.com,pending approval
1000,2020-02-04,,,ylueckenbach@bioholding.com,pending approval
1001,2020-02-04,Stephen,Nievas,tboord@iselectrics.com,pending approval
1002,2020-02-04,,,rdilello@sunnamplex.com,pending approval
1003,2020-02-05,Golda,Swayze,aharnos@treequote.com,pending approval
1004,2020-02-05,,,rmaynerich@bioholding.com,pending approval
1005,2020-02-05,,,jostrosky@donware.com,pending approval
1006,2020-02-06,Vincenza,Dilliard,mgesick@hatfan.com,pending approval
1007,2020-02-06,Sharen,Hamilton,sscipione@toughzap.com,pending approval
1008,2020-02-06,Arminda,Denooyer,lstimmel@j-texon.com,pending approval
1009,2020-02-07,Rory,Pelkowski,kknipp@cancity.com,pending approval
1010,2020-02-07,Youlanda,Worlds,ikampa@rundofase.com,pending approval
1011,2020-02-10,Whitley,Ruta,mwaymire@hatfan.com,pending approval
1012,2020-02-10,Joseph,Eanes,lsengbusch@plusstrip.com,pending approval
1013,2020-02-11,,,wklusman@hottechi.com,pending approval
1014,2020-02-11,Gail,Wildfong,bscheyer@isdom.com,pending approval
1015,2020-02-12,Rolland,Bruschke,shamilton@donware.com,pending approval
1016,2020-02-12,Daron,Stuer,mdiscipio@rundofase.com,pending approval
1017,2020-02-12,Casie,Ryser,chalsey@kinnamplus.com,pending approval
1018,2020-02-13,Sue,Tawil,ikampa@rundofase.com,pending approval
1019,2020-02-14,Myra,Beech,jnicolozakes@plexzap.com,pending approval
1020,2020-02-14,,,rasar@lexiqvolax.com,pending approval
1021,2020-02-17,Simona,Deleo,liturbide@openlane.com,pending approval
1022,2020-02-17,Clorinda,Motley,lcolla@condax.com,pending approval
1023,2020-02-17,,,lragel@gogozoom.com,pending approval
1025,2020-02-18,Cheryl,Garufi,mlietz@openlane.com,pending approval
1026,2020-02-19,Wilda,Scheyer,lsengbusch@plusstrip.com,pending approval
1027,2020-02-19,,,ameteer@doncon.com,pending approval
1028,2020-02-20,Jaclyn,Maile,nriden@plussunin.com,pending approval
1029,2020-02-20,Graciela,Neither,lehmann@plusstrip.com,pending approval
1030,2020-02-21,,,rdaufeldt@zencorporation.com,pending approval
1031,2020-02-24,,,chughey@gogozoom.com,pending approval
1032,2020-02-24,Xuan,Morasca,lhalsey@plexzap.com,pending approval
1033,2020-02-25,Gwenn,Skursky,amodzelewski@donware.com,pending approval
1034,2020-02-25,Chauncey,Vonasek,lcolla@condax.com,pending approval
1035,2020-02-25,Ernie,Wiklund,fweirather@warephase.com,pending approval
1036,2020-02-26,Cecily,Borgman,cmanno@donquadtech.com,pending approval
1037,2020-02-26,Derick,Rim,nsmith@rangreen.com,pending approval
1038,2020-02-26,Catarina,Cronauer,jneither@statholdings.com,pending approval
1039,2020-02-27,Norah,Nievas,jostrosky@donware.com,pending approval
1040,2020-02-27,Stephaine,Hughey,taquas@streethex.com,pending approval
1041,2020-02-27,Karan,Monterrubio,chalsey@kinnamplus.com,pending approval
1042,2020-02-28,Alesia,Fallick,shoogland@kan-code.com,pending approval
1043,2020-02-28,Gayla,Tjepkema,tboord@iselectrics.com,pending approval