inge,inge,Inge,Burdell,inge@burdell.com,2018-06-01
user01,pass01,Casie,Comnick,smaclead@openlane.com,2018-05-30
user02,pass02,Avery,Klusman,qloader@domzoom.com,2018-05-23
user03,pass03,Yuki,Vonasek,kklimek@xx-zobam.com,2018-06-01
user04,pass04,Nieves,Batman,,2018-06-01
user05,pass05,Gertude,Hoffis,lcrupi@ganjaflex.com,2018-06-01
user06,pass06,Howard,Ankeny,cradde@goodsilron.com,2018-05-28
user07,pass07,Luisa,Mauson,dtegarden@treequote.com,2018-06-01
user08,pass08,Kris,Kolmetz,ccraghead@betasoloin.com,2018-05-29
user09,pass09,Angella,Hoogland,mmallett@konex.com,2018-05-26
user10,pass10,Stephane,Hirpara,gfallick@singletechno.com,2018-05-25
user11,pass11,Johnetta,Dorshorst,,2018-05-29
user12,pass12,Britt,Rhym,,2018-05-29
user13,pass13,Tarra,Marrier,tfritz@konmatfix.com,2018-05-30
user14,pass14,Chauncey,Paulas,,2018-05-23
user15,pass15,Daren,Montezuma,mbilden@betatech.com,2018-05-26
user16,pass16,Carlee,Jurney,eacey@plusstrip.com,2018-05-31
user17,pass17,Shalon,Perruzza,,2018-06-01
user18,pass18,Nelida,Coyier,aluczki@gogozoom.com,2018-05-24
user19,pass19,Samira,Munis,lahle@konex.com,2018-05-27
user20,pass20,Judy,Bitsuie,dcraghead@gogozoom.com,2018-05-23
user21,pass21,Kattie,Blackwood,,2018-05-26
user22,pass22,Malcolm,Vocelka,cvonasek@toughzap.com,2018-05-26
user23,pass23,Jeanice,Tjepkema,rcorbley@doncon.com,2018-05-27
user24,pass24,Virgie,Inouye,vspringe@stanredtax.com,2018-05-23
user25,pass25,Kanisha,Lungren,,2018-05-24